outcome,outcome_clean,temp1,melting_temp2,annealing_temp2,extension_temp2,cycles2,temp3,band_size,dna_amt,t1(sec),melting_t2(sec),annealing_t3(sec),extension_t4(sec),t5(sec),Tm_p1_p3orig,Tm_p2_p3orig,Tm_p1_p3,Tm_p2_p3,Tm_p1_BSU,Tm_p2_BSU,Tm_dif_IDT,HPin_Tm_Max,Heterodimer_tm,Homodimer_maxTm,GC_ClampMin,GC_ClampMax,MaxTm_IDT,MinTm_IDT,MaxGC,MinGC,MaxPlen,MinPlen,TotPrimer
0,0,94,94,60,72,44,72,369.0,0.0,30,30,30,30,600,55.25758002363273,59.69742000113007,56.03074314293582,59.31007665976341,58.341798794015915,65.55081813977932,2.4176818289259927,46.21059474111206,0.0,0.0,35,39,58.394749126438285,55.97706729751229,82.3529411764706,50.0,24,17,0.4
0,0,94,94,60,72,44,72,369.0,0.0,30,30,30,30,600,55.25758002363273,52.87936712036111,56.03074314293582,52.64102282787309,58.341798794015915,55.32760832155674,3.2506374866041483,42.85456345300116,0.0,0.0,35,36,55.97706729751229,52.726429810908144,55.0,50.0,24,20,0.4
0,0,94,94,60,72,44,72,369.0,0.0,30,30,30,30,600,55.25758002363273,59.48449034843054,56.03074314293582,59.83263569279785,58.341798794015915,64.52290706489043,3.1543131408758427,43.21537071829357,0.0,0.0,35,39,59.131380438388135,55.97706729751229,70.0,50.0,24,20,0.4
1,1,94,94,60,72,44,72,369.0,0.0,30,30,30,30,600,55.57740558401645,59.69742000113007,55.66508472656636,59.31007665976341,60.05349258891118,65.55081813977932,2.88741026539941,49.49550520614156,0.0,12.001509800874317,39,39,58.394749126438285,55.507338861038875,82.3529411764706,57.142857142857146,21,17,0.4
1,1,94,94,60,72,44,72,369.0,0.0,30,30,30,30,600,55.57740558401645,52.87936712036111,55.66508472656636,52.64102282787309,60.05349258891118,55.32760832155674,2.780909050130731,49.49550520614156,0.0,12.001509800874317,36,39,55.507338861038875,52.726429810908144,57.142857142857146,55.0,21,20,0.4
1,1,94,94,60,72,44,72,369.0,0.0,30,30,30,30,600,55.57740558401645,59.48449034843054,55.66508472656636,59.83263569279785,60.05349258891118,64.52290706489043,3.62404157734926,49.49550520614156,0.0,12.001509800874317,39,39,59.131380438388135,55.507338861038875,70.0,57.142857142857146,21,20,0.4
1,1,94,94,60,72,44,72,369.0,0.0,30,30,30,30,600,55.25758002363273,59.69742000113007,56.03074314293582,59.31007665976341,58.341798794015915,65.55081813977932,2.4176818289259927,46.21059474111206,0.0,0.0,35,39,58.394749126438285,55.97706729751229,82.3529411764706,50.0,24,17,0.4
1,1,94,94,60,72,44,72,369.0,0.0,30,30,30,30,600,55.25758002363273,52.87936712036111,56.03074314293582,52.64102282787309,58.341798794015915,55.32760832155674,3.2506374866041483,42.85456345300116,0.0,0.0,35,36,55.97706729751229,52.726429810908144,55.0,50.0,24,20,0.4
1,1,94,94,60,72,44,72,369.0,0.0,30,30,30,30,600,55.25758002363273,59.48449034843054,56.03074314293582,59.83263569279785,58.341798794015915,64.52290706489043,3.1543131408758427,43.21537071829357,0.0,0.0,35,39,59.131380438388135,55.97706729751229,70.0,50.0,24,20,0.4
1,1,94,94,60,72,44,72,369.0,0.0,30,30,30,30,600,55.57740558401645,59.69742000113007,55.66508472656636,59.31007665976341,60.05349258891118,65.55081813977932,2.88741026539941,49.49550520614156,0.0,12.001509800874317,39,39,58.394749126438285,55.507338861038875,82.3529411764706,57.142857142857146,21,17,0.4
0,0,94,94,60,72,44,72,369.0,0.0,30,30,30,30,600,55.57740558401645,52.87936712036111,55.66508472656636,52.64102282787309,60.05349258891118,55.32760832155674,2.780909050130731,49.49550520614156,0.0,12.001509800874317,36,39,55.507338861038875,52.726429810908144,57.142857142857146,55.0,21,20,0.4
0,0,94,94,60,72,44,72,369.0,0.0,30,30,30,30,600,55.57740558401645,59.48449034843054,55.66508472656636,59.83263569279785,60.05349258891118,64.52290706489043,3.62404157734926,49.49550520614156,0.0,12.001509800874317,39,39,59.131380438388135,55.507338861038875,70.0,57.142857142857146,21,20,0.4
0,0,94,94,55,72,30,72,369.0,0.0,30,30,30,30,600,55.25758002363273,59.69742000113007,56.03074314293582,59.31007665976341,58.341798794015915,65.55081813977932,2.4176818289259927,46.21059474111206,0.0,0.0,35,39,58.394749126438285,55.97706729751229,82.3529411764706,50.0,24,17,0.4
1,1,94,94,55,72,30,72,369.0,0.0,30,30,30,30,600,55.25758002363273,52.87936712036111,56.03074314293582,52.64102282787309,58.341798794015915,55.32760832155674,3.2506374866041483,42.85456345300116,0.0,0.0,35,36,55.97706729751229,52.726429810908144,55.0,50.0,24,20,0.4
0,0,94,94,55,72,30,72,369.0,0.0,30,30,30,30,600,55.25758002363273,59.69742000113007,56.03074314293582,59.31007665976341,58.341798794015915,65.55081813977932,2.4176818289259927,46.21059474111206,0.0,0.0,35,39,58.394749126438285,55.97706729751229,82.3529411764706,50.0,24,17,0.4
0,0,94,94,55,72,30,72,369.0,0.0,30,30,30,30,600,55.57740558401645,59.48449034843054,55.66508472656636,59.83263569279785,60.05349258891118,64.52290706489043,3.62404157734926,49.49550520614156,0.0,12.001509800874317,39,39,59.131380438388135,55.507338861038875,70.0,57.142857142857146,21,20,0.4
0,0,94,94,55,72,30,72,369.0,0.0,30,30,30,30,600,55.25758002363273,59.69742000113007,56.03074314293582,59.31007665976341,58.341798794015915,65.55081813977932,2.4176818289259927,46.21059474111206,0.0,0.0,35,39,58.394749126438285,55.97706729751229,82.3529411764706,50.0,24,17,0.4
1,1,94,94,60,72,30,72,369.0,0.0,30,30,30,30,600,55.25758002363273,59.69742000113007,56.03074314293582,59.31007665976341,58.341798794015915,65.55081813977932,2.4176818289259927,46.21059474111206,0.0,0.0,35,39,58.394749126438285,55.97706729751229,82.3529411764706,50.0,24,17,0.4
1,1,94,94,60,72,30,72,369.0,0.0,30,30,30,30,600,55.25758002363273,52.87936712036111,56.03074314293582,52.64102282787309,58.341798794015915,55.32760832155674,3.2506374866041483,42.85456345300116,0.0,0.0,35,36,55.97706729751229,52.726429810908144,55.0,50.0,24,20,0.4
1,1,94,94,60,72,30,72,369.0,0.0,30,30,30,30,600,55.25758002363273,59.48449034843054,56.03074314293582,59.83263569279785,58.341798794015915,64.52290706489043,3.1543131408758427,43.21537071829357,0.0,0.0,35,39,59.131380438388135,55.97706729751229,70.0,50.0,24,20,0.4
0,0,94,94,60,72,30,72,369.0,0.0,30,30,30,30,600,55.57740558401645,59.48449034843054,55.66508472656636,59.83263569279785,60.05349258891118,64.52290706489043,3.62404157734926,49.49550520614156,0.0,12.001509800874317,39,39,59.131380438388135,55.507338861038875,70.0,57.142857142857146,21,20,0.4
0,0,94,94,60,72,30,72,369.0,0.0,30,30,30,30,600,55.57740558401645,52.87936712036111,55.66508472656636,52.64102282787309,60.05349258891118,55.32760832155674,2.780909050130731,49.49550520614156,0.0,12.001509800874317,36,39,55.507338861038875,52.726429810908144,57.142857142857146,55.0,21,20,0.4
0,0,94,94,60,72,30,72,369.0,0.0,30,30,30,30,600,55.57740558401645,55.57740558401645,55.66508472656636,55.66508472656636,60.05349258891118,60.05349258891118,0.0,49.49550520614156,12.001509800874317,12.001509800874317,39,39,55.507338861038875,55.507338861038875,57.142857142857146,57.142857142857146,21,21,0.4
1,1,94,94,60,72,30,72,369.0,0.0,30,30,30,30,600,55.25758002363273,59.69742000113007,56.03074314293582,59.31007665976341,58.341798794015915,65.55081813977932,2.4176818289259927,46.21059474111206,0.0,0.0,35,39,58.394749126438285,55.97706729751229,82.3529411764706,50.0,24,17,0.4
1,1,94,94,60,72,30,72,369.0,0.0,30,30,30,30,600,55.25758002363273,52.87936712036111,56.03074314293582,52.64102282787309,58.341798794015915,55.32760832155674,3.2506374866041483,42.85456345300116,0.0,0.0,35,36,55.97706729751229,52.726429810908144,55.0,50.0,24,20,0.4
1,1,94,94,60,72,30,72,369.0,0.0,30,30,30,30,600,55.25758002363273,59.48449034843054,56.03074314293582,59.83263569279785,58.341798794015915,64.52290706489043,3.1543131408758427,43.21537071829357,0.0,0.0,35,39,59.131380438388135,55.97706729751229,70.0,50.0,24,20,0.4
0,0,94,94,60,72,30,72,369.0,0.0,30,30,30,30,600,55.57740558401645,59.48449034843054,55.66508472656636,59.83263569279785,60.05349258891118,64.52290706489043,3.62404157734926,49.49550520614156,0.0,12.001509800874317,39,39,59.131380438388135,55.507338861038875,70.0,57.142857142857146,21,20,0.4
0,0,94,94,60,72,30,72,369.0,0.0,30,30,30,30,600,55.57740558401645,52.87936712036111,55.66508472656636,52.64102282787309,60.05349258891118,55.32760832155674,2.780909050130731,49.49550520614156,0.0,12.001509800874317,36,39,55.507338861038875,52.726429810908144,57.142857142857146,55.0,21,20,0.4
0,0,94,94,60,72,30,72,369.0,0.0,30,30,30,30,600,55.57740558401645,59.69742000113007,55.66508472656636,59.31007665976341,60.05349258891118,65.55081813977932,2.88741026539941,49.49550520614156,0.0,12.001509800874317,39,39,58.394749126438285,55.507338861038875,82.3529411764706,57.142857142857146,21,17,0.4
0,0,94,94,60,72,30,72,369.0,0.0,30,30,30,30,600,55.25758002363273,59.69742000113007,56.03074314293582,59.31007665976341,58.341798794015915,65.55081813977932,2.4176818289259927,46.21059474111206,0.0,0.0,35,39,58.394749126438285,55.97706729751229,82.3529411764706,50.0,24,17,0.4
0,0,94,94,60,72,30,72,369.0,0.0,30,30,30,30,600,55.25758002363273,52.87936712036111,56.03074314293582,52.64102282787309,58.341798794015915,55.32760832155674,3.2506374866041483,42.85456345300116,0.0,0.0,35,36,55.97706729751229,52.726429810908144,55.0,50.0,24,20,0.4
0,0,94,94,60,72,30,72,369.0,0.0,30,30,30,30,600,55.25758002363273,59.48449034843054,56.03074314293582,59.83263569279785,58.341798794015915,64.52290706489043,3.1543131408758427,43.21537071829357,0.0,0.0,35,39,59.131380438388135,55.97706729751229,70.0,50.0,24,20,0.4
1,1,94,94,60,72,30,72,369.0,0.0,30,30,30,30,600,55.57740558401645,59.48449034843054,55.66508472656636,59.83263569279785,60.05349258891118,64.52290706489043,3.62404157734926,49.49550520614156,0.0,12.001509800874317,39,39,59.131380438388135,55.507338861038875,70.0,57.142857142857146,21,20,0.4
1,1,94,94,60,72,30,72,369.0,0.0,30,30,30,30,600,55.57740558401645,52.87936712036111,55.66508472656636,52.64102282787309,60.05349258891118,55.32760832155674,2.780909050130731,49.49550520614156,0.0,12.001509800874317,36,39,55.507338861038875,52.726429810908144,57.142857142857146,55.0,21,20,0.4
1,1,94,94,60,72,30,72,369.0,0.0,30,30,30,30,600,55.57740558401645,59.69742000113007,55.66508472656636,59.31007665976341,60.05349258891118,65.55081813977932,2.88741026539941,49.49550520614156,0.0,12.001509800874317,39,39,58.394749126438285,55.507338861038875,82.3529411764706,57.142857142857146,21,17,0.4
1,1,94,94,60,72,30,72,369.0,0.0,30,30,30,30,600,55.25758002363273,59.69742000113007,56.03074314293582,59.31007665976341,58.341798794015915,65.55081813977932,2.4176818289259927,46.21059474111206,0.0,0.0,35,39,58.394749126438285,55.97706729751229,82.3529411764706,50.0,24,17,0.4
1,1,94,94,60,72,30,72,369.0,0.0,30,30,30,30,600,55.25758002363273,52.87936712036111,56.03074314293582,52.64102282787309,58.341798794015915,55.32760832155674,3.2506374866041483,42.85456345300116,0.0,0.0,35,36,55.97706729751229,52.726429810908144,55.0,50.0,24,20,0.4
1,1,94,94,60,72,30,72,369.0,0.0,30,30,30,30,600,55.25758002363273,59.48449034843054,56.03074314293582,59.83263569279785,58.341798794015915,64.52290706489043,3.1543131408758427,43.21537071829357,0.0,0.0,35,39,59.131380438388135,55.97706729751229,70.0,50.0,24,20,0.4
0,0,94,94,60,72,30,72,369.0,0.0,30,30,30,30,600,55.57740558401645,59.69742000113007,55.66508472656636,59.31007665976341,60.05349258891118,65.55081813977932,2.88741026539941,49.49550520614156,0.0,12.001509800874317,39,39,58.394749126438285,55.507338861038875,82.3529411764706,57.142857142857146,21,17,0.4
0,0,94,94,60,72,30,72,369.0,0.0,30,30,30,30,600,55.57740558401645,52.87936712036111,55.66508472656636,52.64102282787309,60.05349258891118,55.32760832155674,2.780909050130731,49.49550520614156,0.0,12.001509800874317,36,39,55.507338861038875,52.726429810908144,57.142857142857146,55.0,21,20,0.4
0,0,94,94,60,72,30,72,369.0,0.0,30,30,30,30,600,55.57740558401645,59.48449034843054,55.66508472656636,59.83263569279785,60.05349258891118,64.52290706489043,3.62404157734926,49.49550520614156,0.0,12.001509800874317,39,39,59.131380438388135,55.507338861038875,70.0,57.142857142857146,21,20,0.4
1,0,94,94,54,72,30,72,400.0,200.0,30,30,30,30,300,56.18442341846253,56.18442341846253,56.06684678515899,56.06684678515899,60.58467732413459,60.58467732413459,0.0,52.614910814256916,0.0,0.0,37,37,55.852404196305656,55.852404196305656,66.66666666666667,66.66666666666667,18,18,0.5
1,1,98,98,71,72,27,72,1304.0,0.1,30,7,20,20,300,55.73764150892106,59.30192577284885,57.29464419376757,61.31001139908835,58.833242454555034,63.45426519860854,3.7185483275704883,32.93144930461375,0.0,0.0,31,33,60.04255276224791,56.32400443467742,54.166666666666664,50.0,24,24,1.0
1,1,98,98,71,72,27,72,1304.0,1.0,30,7,20,20,300,55.73764150892106,59.30192577284885,57.29464419376757,61.31001139908835,58.833242454555034,63.45426519860854,3.7185483275704883,32.93144930461375,0.0,0.0,31,33,60.04255276224791,56.32400443467742,54.166666666666664,50.0,24,24,1.0
1,1,98,98,71,72,27,72,1304.0,3.0,30,7,20,20,300,55.73764150892106,59.30192577284885,57.29464419376757,61.31001139908835,58.833242454555034,63.45426519860854,3.7185483275704883,32.93144930461375,0.0,0.0,31,33,60.04255276224791,56.32400443467742,54.166666666666664,50.0,24,24,1.0
1,1,98,98,71,72,27,72,1304.0,0.1,30,7,20,20,300,55.73764150892106,59.30192577284885,57.29464419376757,61.31001139908835,58.833242454555034,63.45426519860854,3.7185483275704883,32.93144930461375,0.0,0.0,31,33,60.04255276224791,56.32400443467742,54.166666666666664,50.0,24,24,1.0
1,1,98,98,71,72,27,72,1304.0,1.0,30,7,20,20,300,55.73764150892106,59.30192577284885,57.29464419376757,61.31001139908835,58.833242454555034,63.45426519860854,3.7185483275704883,32.93144930461375,0.0,0.0,31,33,60.04255276224791,56.32400443467742,54.166666666666664,50.0,24,24,1.0
1,1,98,98,71,72,27,72,1304.0,3.0,30,7,20,20,300,55.73764150892106,59.30192577284885,57.29464419376757,61.31001139908835,58.833242454555034,63.45426519860854,3.7185483275704883,32.93144930461375,0.0,0.0,31,33,60.04255276224791,56.32400443467742,54.166666666666664,50.0,24,24,1.0
0,0,94,94,56,65,30,65,2.5,0.0,30,30,45,180,600,50.358096267645806,52.16185166448372,51.09521295557869,52.12258638926801,54.4992056992574,54.93372123618957,0.7554830298560091,47.53719957032695,0.0,0.0,29,33,51.410944189008546,50.65546115915254,64.70588235294117,57.89473684210526,19,17,0.8
0,0,94,94,56,65,30,65,2.5,0.0,30,30,45,180,600,50.358096267645806,52.92174815311546,51.09521295557869,54.18673348225536,54.4992056992574,55.940130329727936,3.304023000841653,42.36965015594069,0.0,0.0,29,40,53.95948415999419,50.65546115915254,57.89473684210526,47.82608695652174,23,19,0.8
0,0,94,94,56,65,30,65,2.5,0.0,30,30,45,180,600,59.51341936131769,52.92174815311546,60.84807680310581,54.18673348225536,62.70501610449645,55.940130329727936,5.887118739459538,39.59980047839741,0.0,0.0,35,40,59.84660289945373,53.95948415999419,61.904761904761905,47.82608695652174,23,21,0.8
1,0,94,94,56,65,30,65,2.5,0.0,30,30,45,180,600,59.51341936131769,52.16185166448372,60.84807680310581,52.12258638926801,62.70501610449645,54.93372123618957,8.435658710445182,47.53719957032695,0.0,0.0,33,35,59.84660289945373,51.410944189008546,64.70588235294117,61.904761904761905,21,17,0.8
0,0,95,95,59,72,30,72,2.0,50.0,120,30,30,270,600,62.76560389318007,64.70753068055598,65.76513386262513,68.37881121692186,68.75525239616695,69.84460585076982,2.8997757346893422,59.75446020782175,0.0,14.074072287294655,37,39,66.73526699060619,63.83549125591685,57.142857142857146,47.5,40,28,1.0
1,1,98,98,72,72,29,72,2.0,10.0,30,7,20,260,600,62.76560389318007,64.70753068055598,65.8994741422668,68.46051071831846,69.77747832143314,70.54036676608695,2.7531670480173602,60.655264827353335,0.0,14.84637139798508,37,39,66.89105851175623,64.13789146373887,57.142857142857146,47.5,40,28,1.0
0,0,98,98,72,72,29,72,2.0,1.0,30,7,20,260,600,62.76560389318007,64.70753068055598,65.8994741422668,68.46051071831846,69.77747832143314,70.54036676608695,2.7531670480173602,60.655264827353335,0.0,14.84637139798508,37,39,66.89105851175623,64.13789146373887,57.142857142857146,47.5,40,28,1.0
1,1,98,98,72,72,29,72,2.0,8.4,30,7,20,260,600,62.76560389318007,64.70753068055598,65.8994741422668,68.46051071831846,69.77747832143314,70.54036676608695,2.7531670480173602,60.655264827353335,0.0,14.84637139798508,37,39,66.89105851175623,64.13789146373887,57.142857142857146,47.5,40,28,1.0
1,1,98,98,72,72,29,72,2.0,4.2,30,7,20,260,600,62.76560389318007,64.70753068055598,65.8994741422668,68.46051071831846,69.77747832143314,70.54036676608695,2.7531670480173602,60.655264827353335,0.0,14.84637139798508,37,39,66.89105851175623,64.13789146373887,57.142857142857146,47.5,40,28,1.0
1,1,98,98,72,72,29,72,2.0,5.0,30,7,20,260,600,62.76560389318007,64.70753068055598,65.8994741422668,68.46051071831846,69.77747832143314,70.54036676608695,2.7531670480173602,60.655264827353335,0.0,14.84637139798508,37,39,66.89105851175623,64.13789146373887,57.142857142857146,47.5,40,28,1.0
1,1,98,98,72,72,29,72,2.0,1.0,30,7,20,260,600,62.76560389318007,64.70753068055598,65.8994741422668,68.46051071831846,69.77747832143314,70.54036676608695,2.7531670480173602,60.655264827353335,0.0,14.84637139798508,37,39,66.89105851175623,64.13789146373887,57.142857142857146,47.5,40,28,1.0
1,1,98,98,72,72,29,72,2.0,0.1,30,7,20,260,600,62.76560389318007,64.70753068055598,65.8994741422668,68.46051071831846,69.77747832143314,70.54036676608695,2.7531670480173602,60.655264827353335,0.0,14.84637139798508,37,39,66.89105851175623,64.13789146373887,57.142857142857146,47.5,40,28,1.0
1,0,94,94,54,72,30,72,400.0,200.0,30,30,30,30,300,56.18442341846253,56.18442341846253,56.06684678515899,56.06684678515899,60.58467732413459,60.58467732413459,0.0,52.614910814256916,0.0,0.0,37,37,55.852404196305656,55.852404196305656,66.66666666666667,66.66666666666667,18,18,0.5
1,1,94,94,55,68,35,68,1038.0,0.0,60,30,30,70,300,53.20308899128668,56.35470438073702,53.155951034012844,57.02174016064424,58.346456231520335,60.75346568908685,3.947450472351136,50.76293615694715,0.0,0.0,32,37,56.91237690426317,52.96492643191203,66.66666666666667,54.54545454545455,22,18,0.5
1,1,94,94,55,68,35,68,736.0,0.0,60,30,30,70,300,53.80357061784861,47.01456184068758,54.25322800523202,46.121506622187894,57.516116034531365,48.95539059349852,7.706506034492691,35.28733165877236,0.0,0.0,34,34,54.39440292667723,46.68789689218454,52.38095238095238,50.0,21,18,0.5
1,1,94,94,56,68,35,68,1100.0,0.0,60,30,30,60,300,56.35470438073702,53.20308899128668,56.74158424788385,52.815898026928664,60.46446030188366,57.99478007758751,4.0071292339867455,50.76293615694715,0.0,0.0,32,37,56.63243462844315,52.625305394456404,66.66666666666667,54.54545454545455,22,18,0.4
1,1,98,98,72,72,29,72,1027.0,10.0,30,7,20,10,600,69.19889520279429,62.692261785745245,73.57953601402107,65.05119697407349,77.79078479993495,68.61271684491692,8.17799650847536,59.04137696272983,0.0,34.81441463754595,31,42,71.39641247852967,63.21841597005431,60.0,55.0,40,25,1.0
0,0,98,98,72,72,29,72,1027.0,1.0,30,7,20,10,600,69.19889520279429,62.692261785745245,73.57953601402107,65.05119697407349,77.79078479993495,68.61271684491692,8.17799650847536,59.04137696272983,0.0,34.81441463754595,31,42,71.39641247852967,63.21841597005431,60.0,55.0,40,25,1.0
0,0,98,98,72,72,29,72,1027.0,0.1,30,7,20,10,600,69.19889520279429,62.692261785745245,73.57953601402107,65.05119697407349,77.79078479993495,68.61271684491692,8.17799650847536,59.04137696272983,0.0,34.81441463754595,31,42,71.39641247852967,63.21841597005431,60.0,55.0,40,25,1.0
1,1,98,98,72,72,31,72,1027.0,5.0,30,7,20,20,600,69.19889520279429,62.692261785745245,73.57953601402107,65.05119697407349,77.79078479993495,68.61271684491692,8.17799650847536,59.04137696272983,0.0,34.81441463754595,31,42,71.39641247852967,63.21841597005431,60.0,55.0,40,25,1.0
1,1,98,98,72,72,31,72,1027.0,10.0,30,7,20,20,600,69.19889520279429,62.692261785745245,73.57953601402107,65.05119697407349,77.79078479993495,68.61271684491692,8.17799650847536,59.04137696272983,0.0,34.81441463754595,31,42,71.39641247852967,63.21841597005431,60.0,55.0,40,25,1.0
1,1,98,98,72,72,31,72,1027.0,15.0,30,7,20,20,600,69.19889520279429,62.692261785745245,73.57953601402107,65.05119697407349,77.79078479993495,68.61271684491692,8.17799650847536,59.04137696272983,0.0,34.81441463754595,31,42,71.39641247852967,63.21841597005431,60.0,55.0,40,25,1.0
1,1,98,98,72,72,29,72,2.0,1.0,30,7,20,30,600,62.76560389318007,65.35496464651715,65.8994741422668,69.39420795262532,69.77747832143314,71.80630851979907,3.5015870515633196,60.655264827353335,0.0,14.84637139798508,37,39,67.63947851530219,64.13789146373887,57.142857142857146,50.0,40,28,1.0
1,1,98,98,72,72,29,72,2.0,1.0,30,7,20,30,600,62.76560389318007,65.35496464651715,65.8994741422668,69.39420795262532,69.77747832143314,71.80630851979907,3.5015870515633196,60.655264827353335,0.0,14.84637139798508,37,39,67.63947851530219,64.13789146373887,57.142857142857146,50.0,40,28,1.0
1,1,98,98,72,72,29,72,2.0,5.0,30,7,20,30,600,62.76560389318007,65.35496464651715,65.8994741422668,69.39420795262532,69.77747832143314,71.80630851979907,3.5015870515633196,60.655264827353335,0.0,14.84637139798508,37,39,67.63947851530219,64.13789146373887,57.142857142857146,50.0,40,28,1.0
1,1,98,98,72,72,29,72,2.0,1.0,30,7,20,30,600,62.76560389318007,64.70753068055598,65.8994741422668,68.46051071831846,69.77747832143314,70.54036676608695,2.7531670480173602,60.655264827353335,0.0,14.84637139798508,37,39,66.89105851175623,64.13789146373887,57.142857142857146,47.5,40,28,1.0
1,1,98,98,72,72,29,72,2.0,5.0,30,7,20,30,600,62.76560389318007,64.70753068055598,65.8994741422668,68.46051071831846,69.77747832143314,70.54036676608695,2.7531670480173602,60.655264827353335,0.0,14.84637139798508,37,39,66.89105851175623,64.13789146373887,57.142857142857146,47.5,40,28,1.0
1,1,98,98,72,72,29,72,751.0,5.0,30,7,20,15,600,66.68846441778697,67.18954695786954,70.63097181103382,70.60044019307634,75.1234855168251,72.9436751983734,0.0818870099136575,42.376252951896106,10.029515096061061,36.670982521343205,32,43,68.62901961835513,68.54713260844147,55.88235294117647,55.88235294117647,34,34,1.0
1,1,98,98,72,72,29,72,751.0,1.0,30,7,20,15,600,66.68846441778697,67.18954695786954,70.63097181103382,70.60044019307634,75.1234855168251,72.9436751983734,0.0818870099136575,42.376252951896106,10.029515096061061,36.670982521343205,32,43,68.62901961835513,68.54713260844147,55.88235294117647,55.88235294117647,34,34,1.0
1,1,98,98,72,72,29,72,751.0,0.1,30,7,20,15,600,66.68846441778697,67.18954695786954,70.63097181103382,70.60044019307634,75.1234855168251,72.9436751983734,0.0818870099136575,42.376252951896106,10.029515096061061,36.670982521343205,32,43,68.62901961835513,68.54713260844147,55.88235294117647,55.88235294117647,34,34,1.0
1,1,98,98,72,72,35,72,1779.0,0.5,30,7,20,20,600,68.41912189333306,68.70764624613258,72.56796381003471,73.0891027742872,74.16595477166783,76.10629164522754,0.47589620719901404,52.128590563634134,0.0,9.148004520424195,35,37,71.19645184890788,70.72055564170887,48.93617021276596,48.888888888888886,47,45,1.0
1,1,98,98,72,72,35,72,1779.0,0.05,30,7,20,20,600,68.41912189333306,68.70764624613258,72.56796381003471,73.0891027742872,74.16595477166783,76.10629164522754,0.47589620719901404,52.128590563634134,0.0,9.148004520424195,35,37,71.19645184890788,70.72055564170887,48.93617021276596,48.888888888888886,47,45,1.0
1,1,98,98,72,72,35,72,1779.0,1.0,30,7,20,20,600,68.41912189333306,68.70764624613258,72.56796381003471,73.0891027742872,74.16595477166783,76.10629164522754,0.47589620719901404,52.128590563634134,0.0,9.148004520424195,35,37,71.19645184890788,70.72055564170887,48.93617021276596,48.888888888888886,47,45,1.0
1,1,98,98,68,72,32,72,3656.0,5.0,30,7,20,60,600,53.79167011520326,54.07517743217875,55.47357902751065,55.44010881906763,59.736089051716135,56.01208867613303,0.34222605114410953,51.436527361878575,0.0,22.709500099193008,28,31,54.682734470195385,54.340508419051275,57.142857142857146,50.0,22,21,1.0
1,1,98,98,68,72,32,72,3656.0,1.0,30,7,20,60,600,53.79167011520326,54.07517743217875,55.47357902751065,55.44010881906763,59.736089051716135,56.01208867613303,0.34222605114410953,51.436527361878575,0.0,22.709500099193008,28,31,54.682734470195385,54.340508419051275,57.142857142857146,50.0,22,21,1.0
1,1,98,98,68,72,32,72,3656.0,0.1,30,7,20,60,600,53.79167011520326,54.07517743217875,55.47357902751065,55.44010881906763,59.736089051716135,56.01208867613303,0.34222605114410953,51.436527361878575,0.0,22.709500099193008,28,31,54.682734470195385,54.340508419051275,57.142857142857146,50.0,22,21,1.0
1,1,94,94,60,68,25,68,400.0,100.0,30,30,30,30,300,56.18442341846253,54.60959781703792,51.00259587357539,48.636576672816716,56.08123285412904,55.355153469167135,0.6871978026478018,49.79193424333255,0.0,0.0,37,38,54.35403269444765,53.66683489179985,66.66666666666667,40.74074074074074,27,18,0.5
1,1,94,94,58,72,44,72,1300.0,50.0,90,30,30,150,600,58.28068562606501,54.77774097835902,58.2677260073724,54.80521147187301,60.89238060072506,58.831771114765104,3.4307402740523685,48.295836855863115,9.950223213947936,0.0,35,36,58.084879753057294,54.654139479004925,60.0,57.142857142857146,21,20,0.4
1,1,94,94,56,72,44,72,1059.0,50.0,30,30,30,90,600,50.42699641039127,54.776073242888344,50.67117079776591,55.05683057800496,53.591431564371305,59.33537875127848,3.9244890217267425,0.0,0.0,0.0,29,37,55.19509226566663,51.27060324393989,50.0,39.130434782608695,23,22,0.4
1,1,94,94,56,72,44,72,1059.0,50.0,30,30,30,90,600,52.17072940507035,52.475045218160744,52.50457846334052,52.64920427874813,55.424646182043375,56.31811873226923,0.14998206071896902,0.0,0.0,0.0,29,37,53.028149515570476,52.87816745485151,45.45454545454545,43.47826086956522,23,22,0.4
1,1,94,94,56,72,44,72,500.0,50.0,30,30,30,45,600,53.40041141477485,54.853962800325064,54.23262115251822,53.575639875114746,57.83351411573608,55.21403703586532,1.088209108905346,40.19282916943615,0.0,0.0,29,44,54.61555785626513,53.52734874735978,64.70588235294117,38.46153846153846,26,17,0.4
1,1,94,94,60,68,25,68,400.0,200.0,30,30,30,30,300,56.18442341846253,54.60959781703792,56.41272862346659,55.79099657517139,59.92863477156243,58.2258813915941,0.38535791034371414,52.35830916774739,0.0,0.0,37,38,55.32789372814722,54.9425358178035,66.66666666666667,40.74074074074074,27,18,0.5
1,1,94,94,62,72,35,72,900.0,200.0,30,30,30,60,300,54.51828555165679,68.55768714744056,54.607376529438056,72.1229316385942,58.81690648284365,74.73152067434,16.442132451802763,48.43138961780426,0.0,5.0876012234055565,33,36,70.86118492268156,54.419052470878796,63.1578947368421,56.41025641025641,39,19,0.5
1,1,98,98,64,72,35,72,600.0,200.0,30,20,15,45,300,53.39911947867614,56.32597781356236,54.17826679552951,56.66930494420632,56.77541695687171,59.99540340905793,0.8370496047724032,48.38024089935527,0.0,0.0,27,47,54.743142329545606,53.9060927247732,72.22222222222223,40.0,25,18,0.5
1,1,98,98,64,72,35,72,600.0,200.0,30,20,15,45,300,63.780219623792675,56.32597781356236,66.02207070504755,56.66930494420632,68.76227309331426,59.99540340905793,9.922763539329708,63.2428441809555,0.0,9.186806770186479,33,47,64.66590586887531,54.743142329545606,72.22222222222223,50.0,30,18,0.5
1,1,98,98,64,72,44,72,1500.0,50.0,30,20,15,45,300,64.66390756074952,57.266543502286765,67.83185837125677,58.709754040434404,70.20177649468712,61.17581929233222,8.531015657822422,42.09119862725112,1.360070454716947,7.899888894071751,30,32,66.51068674938068,57.97967109155826,44.44444444444444,43.90243902439025,41,27,0.5
1,1,98,98,64,72,44,72,2500.0,50.0,30,20,15,90,300,58.28068562606501,54.77774097835902,58.72063278192792,55.32726294006949,60.50685638012834,58.481164297636894,3.407256288827398,48.0654101470264,9.996683641254151,0.0,35,36,57.49131740675534,54.084061117927945,60.0,57.142857142857146,21,20,0.5
1,1,98,98,64,72,44,72,1600.0,50.0,30,20,15,60,300,61.6308651247449,62.02745516689913,63.289620847370884,63.71446101968462,65.5037508884077,66.41500395531938,0.5280824420951831,54.1186139818995,0.0,13.863170064870985,37,39,61.81537394700945,61.287291504914265,65.21739130434783,62.5,24,23,0.5
0,0,98,98,64,72,44,72,900.0,50.0,30,20,15,45,300,56.35470438073702,56.748424257833335,57.13384260279122,57.7837081854168,60.06770146875101,61.46358309476267,0.24296295689151748,50.41209879643338,14.044518623354861,0.0,37,37,56.292243453246726,56.04928049635521,61.904761904761905,54.54545454545455,22,21,0.5
1,1,94,94,64,72,44,72,900.0,50.0,30,30,30,45,300,56.35470438073702,56.748424257833335,57.02174016064424,57.52770465678344,60.75346568908685,62.065123191019325,0.25547776360252783,50.76293615694715,14.424544779028508,0.0,37,37,57.1678546678657,56.91237690426317,61.904761904761905,54.54545454545455,22,21,0.5
1,1,95,95,55,68,20,68,9.9,200.0,30,30,60,540,600,74.26053451218479,73.90326392691895,78.88734627144117,78.30815541265912,81.11505519975583,80.14054185921526,0.6430713965443715,62.61626807057564,75.97566554204218,28.785524608424623,33,34,76.20844874527347,75.5653773487291,59.57446808510638,57.69230769230769,52,47,0.5
1,0,98,98,71,72,30,72,1100.0,200.0,30,10,30,45,600,56.55154525396182,56.5269638638984,58.36305558691976,58.2273604209891,60.63244380400255,59.96657707311948,0.2196460550888446,48.94547455970525,0.0,0.0,35,41,57.36331407906829,57.143668023979444,54.54545454545455,52.17391304347826,23,22,1.0
1,0,98,98,69,72,30,72,1100.0,200.0,30,10,30,45,600,56.55154525396182,56.5269638638984,58.36305558691976,58.2273604209891,60.63244380400255,59.96657707311948,0.2196460550888446,48.94547455970525,0.0,0.0,35,41,57.36331407906829,57.143668023979444,54.54545454545455,52.17391304347826,23,22,1.0
1,1,98,98,71,72,30,72,1100.0,200.0,30,10,30,45,600,55.451015750324586,54.88580212737651,57.44985254250213,56.617546654524745,59.92367363715289,59.35316053524633,0.9849869522079189,49.69992941728924,0.0,0.0,27,34,56.993887991058216,56.0089010388503,45.833333333333336,40.74074074074074,27,24,1.0
1,1,94,94,57,68,35,68,1060.0,20.0,60,30,30,70,600,55.451015750324586,54.88580212737651,57.606432057628695,56.674590324713904,60.70031947302141,60.119918848341115,0.9663650103747159,50.029951142425205,0.0,0.0,27,34,57.81867179218648,56.85230678181176,45.833333333333336,40.74074074074074,27,24,1.0
1,0,94,94,60,72,35,72,1060.0,20.0,90,30,30,80,600,57.162330186777695,57.331656435386435,59.668456688794265,58.962748470301335,62.22387128883929,62.29140216100495,0.8367115537114955,40.582227513473356,2.271436350589397,0.0,32,39,59.77298153430223,58.93626998059074,48.0,36.36363636363637,33,25,0.71
1,0,94,94,60,72,35,72,1060.0,20.0,90,30,30,80,600,57.162330186777695,57.266543502286765,59.668456688794265,59.16345697977624,62.22387128883929,62.27128174760753,0.5949275287175624,42.53702918002398,2.271436350589397,0.0,30,32,59.77298153430223,59.17805400558467,44.44444444444444,36.36363636363637,33,27,0.71
1,0,98,98,69,72,30,72,1060.0,20.0,1830,10,30,45,600,56.935265829671835,56.5269638638984,58.820871036556525,58.2273604209891,61.02079849915964,59.96657707311948,0.7471393817244234,42.531702592625265,0.0,0.0,35,41,57.89080740570387,57.143668023979444,54.54545454545455,50.0,24,22,1.0
1,1,98,98,71,72,30,72,1060.0,20.0,1830,10,30,45,600,55.451015750324586,54.88580212737651,57.44985254250213,56.617546654524745,59.92367363715289,59.35316053524633,0.9849869522079189,49.69992941728924,0.0,0.0,27,34,56.993887991058216,56.0089010388503,45.833333333333336,40.74074074074074,27,24,1.0
1,1,98,98,64,72,40,72,1060.0,20.0,1830,10,30,35,600,56.1729009564678,56.16818081083517,58.35295334911257,57.81366126086374,60.714453391108236,61.31399460594747,0.9496513951785346,43.84501577018568,0.0,4.227707149471712,31,35,57.67319160396835,56.723540208789814,54.54545454545455,42.857142857142854,28,22,1.0
0,0,98,98,64,72,40,72,1060.0,20.0,1830,10,30,35,600,50.42699641039127,52.475045218160744,51.59276597558414,53.742529463114636,53.83568612848836,56.68063476001407,1.790560860108144,0.0,0.0,0.0,29,37,53.338401323503945,51.5478404633958,45.45454545454545,39.130434782608695,23,22,1.0
1,1,94,94,60,68,25,68,400.0,200.0,1830,30,30,30,300,56.18442341846253,54.60959781703792,56.41272862346659,55.79099657517139,59.92863477156243,58.2258813915941,0.38535791034371414,52.35830916774739,0.0,0.0,37,38,55.32789372814722,54.9425358178035,66.66666666666667,40.74074074074074,27,18,0.5
1,1,94,94,60,68,25,68,400.0,200.0,1830,30,30,30,300,56.18442341846253,54.60959781703792,56.41272862346659,55.79099657517139,59.92863477156243,58.2258813915941,0.38535791034371414,52.35830916774739,0.0,0.0,37,38,55.32789372814722,54.9425358178035,66.66666666666667,40.74074074074074,27,18,0.5
0,0,98,98,70,72,35,72,2800.0,0.0,1830,10,30,90,300,57.446950040952515,54.698199199596104,58.9729109503964,56.79034165105293,61.380847971846265,59.944786668633526,1.8160645337702022,0.0,0.0,0.0,29,31,57.77843036544101,55.96236583167081,57.142857142857146,48.0,25,21,1.0
1,1,94,94,59,65,35,65,2800.0,0.0,1830,30,45,161,600,57.446950040952515,54.698199199596104,58.54290897780862,56.476138342361025,60.41366590167257,59.17856573243961,1.763299099063829,0.0,0.0,0.0,29,31,57.86166996643067,56.09837086736684,57.142857142857146,48.0,25,21,0.8
0,0,98,98,64,72,35,72,1806.0,0.0,1830,10,20,70,600,56.89974008388651,52.46633280874306,57.55571136049622,53.497981027824494,60.47873080469151,58.18448800106461,3.8895633519087482,84.56491868561847,0.8984498104231875,3.4472091424031532,39,43,55.68503547201658,51.79547212010783,75.0,75.0,16,16,1.0
0,0,98,98,71,72,35,72,1851.0,0.0,1830,10,20,70,600,56.206000669611285,57.055395801101895,57.91453671171655,59.31996733799673,60.84023822100943,61.73857302635969,1.8104062224297195,48.66383373101354,0.0,0.0,30,36,58.64533512029652,56.8349288978668,54.54545454545455,42.857142857142854,28,22,1.0
0,0,98,98,56,72,35,72,2265.0,0.0,1830,10,20,70,600,57.02355735657204,46.10130050727025,58.16194970631216,46.66224921491238,60.89387489352322,48.802410811689356,9.454747567797085,40.34230075589414,0.0,0.0,37,39,56.634005585724424,47.17925801792734,66.66666666666667,30.434782608695652,23,18,1.0
1,0,98,98,65,72,35,72,4200.0,0.0,1830,10,30,150,600,53.738813898979856,55.22943067771939,54.51595882409117,56.495368670891594,56.516272277619464,59.088145779968784,2.275794454113793,62.281979917539275,0.0,0.0,34,40,55.10733681691346,52.83154236279967,70.58823529411765,63.1578947368421,19,17,1.0
0,0,98,98,65,72,35,72,4200.0,0.0,1830,10,30,150,600,53.738813898979856,54.248015516275075,54.51595882409117,55.32823596921867,56.516272277619464,61.73093919491049,0.7867102018184369,62.281979917539275,0.0,12.480287487381077,34,38,53.6182525646181,52.83154236279967,75.0,70.58823529411765,17,16,1.0
0,0,98,98,65,72,35,72,4200.0,0.0,1830,10,30,150,600,55.41205546288677,55.22943067771939,57.03784348067347,56.495368670891594,60.902639371875296,59.088145779968784,0.6979073210791285,36.569757549868484,5.99058588423236,0.0,40,40,55.80524413799259,55.10733681691346,63.1578947368421,60.0,20,19,1.0
1,1,98,98,67,72,35,72,2100.0,0.0,1830,10,20,60,600,56.8987233246113,54.73968044382781,58.14837144930988,56.26205607947895,60.074362500214534,57.2932775531051,1.0735716535500046,58.39232784845518,0.0,21.607511476539116,32,34,56.73978997333154,55.666218319781535,63.1578947368421,44.0,25,19,1.0
1,1,98,98,67,72,35,72,2100.0,0.0,1830,10,20,60,600,57.321254615972634,53.64788392927602,58.48542179413903,54.728431160318564,61.96518607503043,59.10835688548764,3.8343437855691604,42.376252951896106,0.0,9.944493315697741,34,39,56.96041354852531,53.12606976295615,70.58823529411765,66.66666666666667,18,17,1.0
1,0,98,98,63,72,35,72,1668.0,0.0,1830,10,45,60,600,57.77645651907034,53.48492076242104,58.22552897613173,55.17487664940137,62.12508753814029,56.21727959622069,1.541792514410247,41.0589509000842,0.0,13.0152748711061,34,44,56.151147286108824,54.60935477169858,80.0,44.0,25,15,1.0
0,0,98,98,67,72,35,72,3336.0,0.0,1830,10,20,90,600,55.03881606258227,56.73785388667278,56.38522983914339,59.04527173898947,58.997656338085505,61.47198235635079,3.36094450566776,0.0,0.0,0.0,30,39,58.37765402394177,55.01670951827401,63.1578947368421,42.857142857142854,28,19,1.0
0,0,95,95,55,72,21,72,950.0,65.0,180,30,30,60,180,60.61644904371417,69.62634042768354,65.04028835685784,75.0733215341541,66.84086093101814,76.93398944993208,8.397267429918202,50.31372851629402,8.954900198711925,22.67641007347885,25,38,72.63989041977902,64.24262298986082,57.89473684210526,37.142857142857146,38,35,8.0
0,0,95,95,55,72,22,72,950.0,65.0,180,30,30,120,180,60.61644904371417,69.62634042768354,65.04028835685784,75.0733215341541,66.84086093101814,76.93398944993208,8.397267429918202,50.31372851629402,8.954900198711925,22.67641007347885,25,38,72.63989041977902,64.24262298986082,57.89473684210526,37.142857142857146,38,35,8.0
1,1,95,95,55,72,20,68,950.0,65.0,300,60,60,360,420,60.61644904371417,69.62634042768354,65.04028835685784,75.0733215341541,66.84086093101814,76.93398944993208,8.397267429918202,50.31372851629402,8.954900198711925,22.67641007347885,25,38,72.63989041977902,64.24262298986082,57.89473684210526,37.142857142857146,38,35,8.0
1,1,95,95,55,72,20,68,950.0,65.0,300,60,60,360,420,60.61644904371417,69.62634042768354,63.127147922936615,73.30850483969863,64.88827425482145,75.14365602309834,8.561103883783005,50.31372851629402,3.684323487364395,18.846468818602034,25,38,70.8997657266662,62.3386618428832,57.89473684210526,37.142857142857146,38,35,0.8
0,0,95,95,55,72,30,68,8300.0,104.0,300,60,60,1080,420,60.61644904371417,66.76290347713945,63.885864268661294,71.08404795606032,65.66259381155197,74.0075325405507,6.180117336956528,58.23633902459545,20.811071654937564,21.09767500268248,33,38,69.27386152717736,63.09374419022083,51.42857142857143,37.142857142857146,35,35,2.0
0,0,95,95,55,72,30,68,8300.0,104.0,300,60,60,1080,420,60.61644904371417,66.76290347713945,63.127147922936615,70.29579573998757,64.88827425482145,73.20328647337237,6.155284795166494,58.23633902459545,19.210978577501976,19.566112993349577,33,38,68.49394663804969,62.3386618428832,51.42857142857143,37.142857142857146,35,35,0.8
0,0,95,95,60,72,30,68,8300.0,104.0,300,60,60,1080,420,60.61644904371417,66.76290347713945,65.04028835685784,72.28352971901074,66.84086093101814,75.23143497755592,6.217996684660648,58.23633902459545,23.265491761994895,23.445548791686463,33,38,70.46061967452147,64.24262298986082,51.42857142857143,37.142857142857146,35,35,8.0
0,0,95,95,60,72,30,68,8300.0,208.0,300,60,60,1080,420,60.61644904371417,66.76290347713945,65.04028835685784,72.28352971901074,66.84086093101814,75.23143497755592,6.217996684660648,58.23633902459545,23.265491761994895,23.445548791686463,33,38,70.46061967452147,64.24262298986082,51.42857142857143,37.142857142857146,35,35,8.0
1,1,95,95,60,72,30,68,8300.0,104.0,300,60,60,1020,420,60.61644904371417,66.76290347713945,63.127147922936615,70.29579573998757,64.88827425482145,73.20328647337237,6.155284795166494,58.23633902459545,19.210978577501976,19.566112993349577,33,38,68.49394663804969,62.3386618428832,51.42857142857143,37.142857142857146,35,35,0.8
0,0,95,95,60,72,30,68,8300.0,104.0,300,60,60,1020,420,60.61644904371417,66.76290347713945,65.04028835685784,72.28352971901074,66.84086093101814,75.23143497755592,6.217996684660648,58.23633902459545,23.265491761994895,23.445548791686463,33,38,70.46061967452147,64.24262298986082,51.42857142857143,37.142857142857146,35,35,8.0
0,0,95,95,60,72,28,68,8300.0,150.0,300,60,60,1020,420,60.61644904371417,66.76290347713945,65.04028835685784,72.28352971901074,66.84086093101814,75.23143497755592,6.217996684660648,58.23633902459545,23.265491761994895,23.445548791686463,33,38,70.46061967452147,64.24262298986082,51.42857142857143,37.142857142857146,35,35,8.0
1,1,98,98,65,70,35,72,320.0,10.0,30,10,30,15,600,59.65217107192342,61.42211225046401,64.95149148506442,66.99937443912557,67.23373785219849,69.05638603254414,1.7241628817796482,59.83532360163548,11.877620670718102,10.417263791182393,30,31,65.89493095909882,64.17076807731917,44.11764705882353,38.888888888888886,36,34,20.0
0,0,98,98,65,72,34,72,2725.0,50.0,120,30,30,120,600,66.4687934367397,68.47641389095048,70.60226765531661,72.65890508534807,72.4040123930535,75.07278079820048,1.9802713855946763,40.646503300782115,0.0,26.956638411318693,24,24,70.8163508537433,68.83607946814863,47.916666666666664,47.82608695652174,48,46,1.0
0,0,98,98,65,72,34,72,2725.0,50.0,120,30,30,120,600,66.4687934367397,68.47641389095048,70.60226765531661,72.65890508534807,72.4040123930535,75.07278079820048,1.9802713855946763,40.646503300782115,0.0,26.956638411318693,24,24,70.8163508537433,68.83607946814863,47.916666666666664,47.82608695652174,48,46,1.0
0,0,98,98,65,70,34,72,2725.0,50.0,120,30,30,120,600,66.4687934367397,68.47641389095048,70.60226765531661,72.65890508534807,72.4040123930535,75.07278079820048,1.9802713855946763,40.646503300782115,0.0,26.956638411318693,24,24,70.8163508537433,68.83607946814863,47.916666666666664,47.82608695652174,48,46,1.0
0,0,98,98,65,73,34,72,2725.0,50.0,120,30,30,120,600,66.4687934367397,68.47641389095048,70.60226765531661,72.65890508534807,72.4040123930535,75.07278079820048,1.9802713855946763,40.646503300782115,0.0,26.956638411318693,24,24,70.8163508537433,68.83607946814863,47.916666666666664,47.82608695652174,48,46,1.0
0,0,98,98,65,74,34,72,2725.0,50.0,120,30,30,120,600,66.4687934367397,68.47641389095048,70.60226765531661,72.65890508534807,72.4040123930535,75.07278079820048,1.9802713855946763,40.646503300782115,0.0,26.956638411318693,24,24,70.8163508537433,68.83607946814863,47.916666666666664,47.82608695652174,48,46,1.0
0,0,95,95,63,72,25,72,560.0,50.0,300,60,60,300,300,66.81220509696527,69.73815571108565,70.32605186579349,73.52226596774858,71.70685389537806,77.71872531160903,2.1164733371189755,59.20649418524624,4.366267477700205,30.667480667597488,38,42,70.99104654687596,68.87457320975699,63.333333333333336,43.18181818181818,44,30,1.0
1,1,95,95,62,72,35,72,560.0,50.0,300,60,60,300,300,66.81220509696527,69.73815571108565,70.32605186579349,73.52226596774858,71.70685389537806,77.71872531160903,2.1164733371189755,59.20649418524624,4.366267477700205,30.667480667597488,38,42,70.99104654687596,68.87457320975699,63.333333333333336,43.18181818181818,44,30,1.0
1,1,95,95,63,72,35,72,560.0,50.0,300,60,60,300,300,66.81220509696527,69.73815571108565,70.32605186579349,73.52226596774858,71.70685389537806,77.71872531160903,2.1164733371189755,59.20649418524624,4.366267477700205,30.667480667597488,38,42,70.99104654687596,68.87457320975699,63.333333333333336,43.18181818181818,44,30,1.0
0,0,95,95,56,72,35,68,235.0,1000.0,180,30,30,30,420,54.47571476317529,50.61273634503203,55.22416701252729,50.84986813564012,58.190764925365215,52.988299129571544,3.5071167945445154,0.0,0.0,0.0,33,39,53.72299183259082,50.215875038046306,66.66666666666667,52.63157894736842,19,18,0.8
0,0,95,95,56,72,35,68,170.0,1000.0,180,30,30,30,420,56.852974240840354,50.61273634503203,57.72456196536575,50.84986813564012,59.78513590093087,52.988299129571544,6.182603283642038,45.494228254499376,0.0,0.0,32,33,56.398478321688344,50.215875038046306,60.0,52.63157894736842,20,19,0.8
0,0,95,95,56,72,35,68,210.0,1000.0,180,30,30,30,420,54.2729369081552,50.61273634503203,55.50224986734332,50.84986813564012,58.94962842427185,52.988299129571544,4.057987954594807,42.93381667901929,0.0,0.0,33,39,54.273862992641114,50.215875038046306,60.0,52.63157894736842,20,19,0.8
0,0,95,95,56,72,35,68,130.0,1000.0,180,30,30,30,420,59.72181899973759,50.61273634503203,61.390370537822946,50.84986813564012,63.969907142216414,52.988299129571544,9.254026058932936,0.0,0.0,0.0,28,33,59.46990109697924,50.215875038046306,66.66666666666667,52.63157894736842,21,19,0.8
0,0,95,95,55,72,35,68,210.0,1000.0,180,30,30,30,420,54.2729369081552,50.61273634503203,55.50224986734332,50.84986813564012,58.94962842427185,52.98829912957149,4.057987954594807,42.93381667901929,0.0,0.0,39,42,54.273862992641114,50.215875038046306,60.0,52.63157894736842,20,19,0.8
0,0,95,95,55,72,35,68,235.0,1000.0,180,30,30,30,420,54.47571476317529,50.61273634503203,55.22416701252729,50.84986813564012,58.190764925365215,52.98829912957149,3.5071167945445154,0.0,0.0,0.0,39,42,53.72299183259082,50.215875038046306,66.66666666666667,52.63157894736842,19,18,0.8
0,0,95,95,55,72,35,68,170.0,1000.0,180,30,30,30,420,56.852974240840354,50.61273634503203,57.72456196536575,50.84986813564012,59.78513590093087,52.98829912957149,6.182603283642038,45.494228254499376,0.0,0.0,32,42,56.398478321688344,50.215875038046306,60.0,52.63157894736842,20,19,0.8
1,1,95,95,55,72,35,72,150.0,1000.0,180,30,30,30,420,52.575193796181395,51.564101843936385,54.00875101828598,52.01525867831117,56.38100629228461,53.59273255592893,2.4803385155797173,0.0,0.0,0.0,35,37,53.414576135429115,50.9342376198494,61.111111111111114,45.833333333333336,24,18,0.8
1,1,95,95,55,72,35,72,142.0,1000.0,180,30,30,30,420,56.318261398363745,57.24095924446266,57.09574136651753,58.228047377712244,60.564665058622666,61.83698983798075,1.1708759669469941,54.92103134127939,0.0,5.68706472019079,31,39,56.841631309993545,55.67075534304655,63.1578947368421,63.1578947368421,19,19,0.8
1,1,95,95,55,72,35,72,174.0,1000.0,180,30,30,30,420,50.94874590404817,52.06380987352344,51.263180498175814,52.69526630081356,53.45748721586767,54.86623444215826,1.528939818086144,0.0,0.0,0.0,30,33,52.17467766109468,50.64573784300853,52.63157894736842,50.0,20,19,0.8
1,1,95,95,55,72,35,72,160.0,1000.0,180,30,30,30,420,56.38145172130902,56.65176619736138,57.79723345396809,57.25695964908249,60.52866953805909,59.4556946600793,0.9604337118940975,43.70507899316988,0.0,9.041539879195795,36,37,56.65781978670168,55.69738607480758,66.66666666666667,57.142857142857146,21,18,0.8
1,1,95,95,55,72,35,72,180.0,1000.0,180,30,30,30,420,54.38106515815667,58.732876513404904,54.77874964848945,59.81131453711612,57.75895246324677,62.07882805768941,4.199162143972785,50.1537942729272,0.0,0.0,26,40,57.862493701922006,53.66333155794922,72.22222222222223,61.111111111111114,18,18,0.8
1,0,95,95,55,72,35,72,170.0,1000.0,180,30,30,30,420,51.564101843936385,50.61273634503203,52.01525867831117,50.84986813564012,53.59273255592893,52.98829912957149,0.7183625818030919,0.0,0.0,0.0,35,42,50.9342376198494,50.215875038046306,61.111111111111114,52.63157894736842,19,18,0.8
1,0,95,95,55,72,35,72,180.0,1000.0,180,30,30,30,420,56.65176619736138,50.61273634503203,57.25695964908249,50.84986813564012,59.4556946600793,52.98829912957149,5.481511036761276,43.70507899316988,0.0,0.0,36,42,55.69738607480758,50.215875038046306,66.66666666666667,52.63157894736842,19,18,0.8
1,0,95,95,55,72,35,72,162.0,1000.0,180,30,30,30,420,57.24095924446266,50.61273634503203,58.228047377712244,50.84986813564012,61.83698983798075,52.98829912957149,6.625756271947239,54.92103134127939,0.0,0.0,39,42,56.841631309993545,50.215875038046306,63.1578947368421,52.63157894736842,19,19,0.8
1,0,95,95,55,72,35,72,194.0,1000.0,180,30,30,30,420,52.06380987352344,50.61273634503203,52.69526630081356,50.84986813564012,54.86623444215826,52.98829912957149,1.9588026230483706,0.0,0.0,0.0,33,42,52.17467766109468,50.215875038046306,52.63157894736842,50.0,20,19,0.8
1,0,95,95,55,72,35,72,200.0,1000.0,180,30,30,30,420,58.732876513404904,50.61273634503203,59.81131453711612,50.84986813564012,62.07882805768941,52.98829912957149,7.646618663875699,50.1537942729272,13.91754510234739,0.0,40,42,57.862493701922006,50.215875038046306,72.22222222222223,52.63157894736842,19,18,0.8
0,0,95,95,55,72,35,72,375.0,1000.0,180,30,30,30,420,55.590245153402236,50.61273634503203,56.96977511353833,50.84986813564012,60.51618317180805,52.98829912957149,5.544743521560463,52.1612473421672,0.0,0.0,40,42,55.76061855960677,50.215875038046306,60.0,52.63157894736842,20,19,0.8
0,0,95,95,55,72,35,72,671.0,1000.0,180,30,30,30,420,58.35948469462295,50.61273634503203,60.62525479893594,50.84986813564012,63.45511195052592,52.98829912957149,8.982971113783265,50.56982042770363,0.0,0.0,29,42,59.19884615182957,50.215875038046306,56.0,52.63157894736842,25,19,0.8
1,1,95,95,55,72,35,72,300.0,1000.0,180,30,30,30,420,58.18069508763347,50.61273634503203,60.02905843161352,50.84986813564012,61.30698849413233,52.98829912957149,8.580525637390622,45.79889371242166,7.270771358280172,0.0,35,42,58.79640067543693,50.215875038046306,54.166666666666664,52.63157894736842,24,19,0.8
0,0,95,95,55,72,35,72,991.0,1000.0,180,30,30,30,420,57.85336381188864,50.61273634503203,60.04905115954841,50.84986813564012,63.35481892926629,52.98829912957149,8.78528236309728,33.75705458994406,0.0,4.211047906224792,32,42,59.00115740114359,50.215875038046306,52.63157894736842,50.0,26,19,0.8
1,0,95,95,55,72,35,72,200.0,1000.0,180,30,30,30,420,57.966368092868095,50.61273634503203,59.72735674780603,50.84986813564012,62.652931792514835,52.98829912957149,8.267473222516344,0.0,0.0,0.0,35,42,58.48334826056265,50.215875038046306,54.166666666666664,52.63157894736842,24,19,0.8
1,1,95,95,55,72,35,72,161.0,1000.0,180,30,30,30,420,55.30119156613716,50.61273634503203,55.88822222356828,50.84986813564012,57.44213728091472,52.98829912957149,4.656292428666745,43.19746922030038,0.0,0.0,32,42,54.87216746671305,50.215875038046306,57.89473684210526,52.63157894736842,19,19,0.8
1,0,95,95,55,72,35,72,184.0,1000.0,180,30,30,30,420,57.35263293409719,50.61273634503203,59.38972298965132,50.84986813564012,62.53365528425144,52.98829912957149,7.905849052670646,48.16368579497839,0.0,0.2863575672789693,34,42,58.12172409071695,50.215875038046306,56.52173913043478,52.63157894736842,23,19,0.8
1,0,95,95,55,72,35,72,400.0,1000.0,180,30,30,30,420,53.53795397769966,50.61273634503203,53.868108214464485,50.84986813564012,55.41918419853323,52.98829912957149,2.525937699879023,41.59855114814934,0.0,0.0,30,42,52.74181273792533,50.215875038046306,61.111111111111114,52.63157894736842,19,18,0.8
0,0,95,95,56,72,35,68,195.0,2255.6,180,30,30,30,120,56.96137528807003,57.016160308421775,62.55694947309786,62.67023363380065,65.73426680073248,65.40021045828848,0.02773861300858016,55.27162652314354,0.0,14.629910412849597,33,41,61.57586983906606,61.54813122605748,54.54545454545455,52.17391304347826,23,22,20.0
0,0,95,95,56,72,35,68,195.0,2255.6,180,30,30,30,120,56.96137528807003,57.016160308421775,62.55694947309786,62.67023363380065,65.73426680073248,65.40021045828848,0.02773861300858016,55.27162652314354,0.0,14.629910412849597,33,41,61.57586983906606,61.54813122605748,54.54545454545455,52.17391304347826,23,22,20.0
0,0,95,95,56,72,35,68,195.0,2255.6,180,30,30,30,120,56.96137528807003,57.016160308421775,62.55694947309786,62.67023363380065,65.73426680073248,65.40021045828848,0.02773861300858016,55.27162652314354,0.0,14.629910412849597,33,41,61.57586983906606,61.54813122605748,54.54545454545455,52.17391304347826,23,22,20.0
0,0,95,95,50,72,18,95,2300.0,100.0,300,30,30,360,60,59.35784221428531,60.02299356538333,61.63114194050377,62.584555764474544,64.34268299774988,64.2577369183885,1.63582648423926,47.05011813445242,0.0,0.0,28,29,62.43227306469993,60.79644658046067,41.1764705882353,25.0,52,34,0.4
0,0,95,95,50,72,18,95,900.0,36.0,300,30,30,360,60,61.746107091020804,60.2384561097918,63.5516938113509,60.90867765772941,65.60658689357217,62.31136391275726,3.123988862988881,44.39289810323157,0.0,11.656051708544396,36,36,62.19121013291584,59.06722126992696,63.63636363636363,50.0,30,22,0.4
0,0,95,95,50,72,18,95,6600.0,275.0,300,30,30,840,60,63.78394604729402,61.228842585287566,64.91012492199451,63.7013430067866,66.83330421955742,65.84214480971093,0.3161150610567347,64.09181678892622,0.0,51.54609614963874,30,34,62.8368634928521,62.52074843179537,65.21739130434783,44.44444444444444,36,23,0.4
0,0,95,95,50,72,18,95,6600.0,400.0,300,30,30,960,60,63.78394604729402,61.228842585287566,64.91012492199451,63.7013430067866,66.83330421955742,65.84214480971093,0.3161150610567347,64.09181678892622,0.0,51.54609614963874,30,34,62.8368634928521,62.52074843179537,65.21739130434783,44.44444444444444,36,23,0.4
0,0,95,95,62,72,18,95,6600.0,400.0,300,30,30,960,60,63.78394604729402,61.228842585287566,64.91012492199451,63.7013430067866,66.83330421955742,65.84214480971093,0.3161150610567347,64.09181678892622,0.0,51.54609614963874,30,34,62.8368634928521,62.52074843179537,65.21739130434783,44.44444444444444,36,23,0.4
1,1,95,95,63,72,30,72,1354.0,40.0,300,30,30,120,300,63.35803825014648,78.07613448185208,66.40760724555105,82.60028234603413,69.0151046016062,84.9599914416122,14.463668328039148,59.04099697854815,5.165548595558562,27.337540304860738,33,37,79.95613371909178,65.49246539105263,66.66666666666667,45.945945945945944,48,37,0.5
1,1,95,95,63,72,30,72,1363.0,40.0,300,30,30,120,300,63.35803825014648,71.97473039688128,66.40760724555105,76.57249641273563,69.0151046016062,80.1275900280063,9.310752994748782,49.13340704757985,0.0,10.32317855748704,27,33,74.80321838580142,65.49246539105263,52.83018867924528,45.945945945945944,53,37,0.5
1,1,95,95,63,72,30,72,912.0,40.0,300,30,30,120,300,61.17610127612028,75.5816572508241,63.941797023228105,79.86771968731244,66.21564921117704,82.23302298439296,14.309475115396992,59.04099697854815,0.0,27.337540304860738,29,30,77.6562079441249,63.34673282872791,60.416666666666664,40.54054054054054,48,37,0.5
1,1,95,95,63,72,30,72,920.0,40.0,300,30,30,120,300,61.17610127612028,70.67773356108086,63.941797023228105,75.08548010941098,66.21564921117704,78.59351466403211,10.093779544378663,34.745242628346034,0.0,7.550841332645007,29,33,73.44051237310657,63.34673282872791,50.943396226415096,40.54054054054054,53,37,0.5
1,1,95,95,63,72,30,72,603.0,40.0,300,30,30,120,300,76.5387837760664,76.40080555200416,80.77210740898062,81.61707426776906,82.56581651646991,86.42148920814253,0.7399620852318662,65.11386082435456,13.986709128216773,35.76156573811369,28,37,79.1491206587358,78.40915857350393,62.96296296296296,62.5,54,48,0.5
1,1,98,98,65,72,34,72,2725.0,50.0,120,30,30,120,600,66.4687934367397,68.47641389095048,70.60226765531661,72.65890508534807,72.4040123930535,75.07278079820048,1.9802713855946763,40.646503300782115,0.0,26.956638411318693,24,24,70.8163508537433,68.83607946814863,47.916666666666664,47.82608695652174,48,46,1.0
1,1,98,98,65,72,34,72,2300.0,50.0,120,30,30,120,600,70.72938961728494,56.50682647277563,75.00535752776983,58.44387328292754,77.0792763673818,63.65828086339337,15.039844087097094,57.46406938101114,0.0,42.24891758234742,36,42,72.50447570581838,57.464631618721285,58.97435897435897,52.17391304347826,39,23,1.0
1,0,95,95,69,72,34,72,2725.0,50.0,120,30,30,330,600,66.4687934367397,68.47641389095048,70.51766808189785,72.57276391967486,71.77899958125386,74.46008353633772,1.9918628975232195,39.56083167604669,0.0,25.8626636742257,24,24,70.71640474277194,68.72454184524872,47.916666666666664,47.82608695652174,48,46,1.0
1,1,95,95,60,68,18,68,5620.0,10.0,120,20,10,330,300,66.4687934367397,68.47641389095048,69.6357856374184,71.72533480979217,70.88855731569367,73.59748028128138,2.026210914652438,39.56083167604669,0.0,23.944741819129263,24,24,69.87812488179168,67.85191396713924,47.916666666666664,47.82608695652174,48,46,0.25
1,1,95,95,60,68,18,68,5620.0,25.0,120,20,10,330,300,66.4687934367397,68.47641389095048,69.6357856374184,71.72533480979217,70.88855731569367,73.59748028128138,2.026210914652438,39.56083167604669,0.0,23.944741819129263,24,24,69.87812488179168,67.85191396713924,47.916666666666664,47.82608695652174,48,46,0.25
1,1,95,95,60,68,18,68,5620.0,50.0,120,20,10,330,300,66.4687934367397,68.47641389095048,69.6357856374184,71.72533480979217,70.88855731569367,73.59748028128138,2.026210914652438,39.56083167604669,0.0,23.944741819129263,24,24,69.87812488179168,67.85191396713924,47.916666666666664,47.82608695652174,48,46,0.25
1,1,95,95,60,68,18,68,5620.0,100.0,120,20,10,330,300,66.4687934367397,68.47641389095048,69.6357856374184,71.72533480979217,70.88855731569367,73.59748028128138,2.026210914652438,39.56083167604669,0.0,23.944741819129263,24,24,69.87812488179168,67.85191396713924,47.916666666666664,47.82608695652174,48,46,0.25
1,1,95,95,55,72,35,72,118.0,837.7,180,30,30,30,420,51.41910106060959,54.31075138072987,56.7310204594516,59.94567237850964,59.45271478203341,62.21888743097941,3.140146882953104,34.16936734245553,8.208242386294387,11.849871247696171,33,36,59.06645681931542,55.926309936362316,55.0,52.38095238095238,21,20,20.0
1,1,95,95,55,72,35,72,118.0,937.95,180,30,30,30,420,51.41910106060959,54.31075138072987,56.7310204594516,59.94567237850964,59.45271478203341,62.21888743097941,3.140146882953104,34.16936734245553,8.208242386294387,11.849871247696171,33,36,59.06645681931542,55.926309936362316,55.0,52.38095238095238,21,20,20.0
1,1,95,95,55,72,35,72,118.0,887.25,180,30,30,30,420,51.41910106060959,54.31075138072987,56.7310204594516,59.94567237850964,59.45271478203341,62.21888743097941,3.140146882953104,34.16936734245553,8.208242386294387,11.849871247696171,33,36,59.06645681931542,55.926309936362316,55.0,52.38095238095238,21,20,20.0
1,1,95,95,55,72,35,72,94.0,837.7,180,30,30,30,420,52.315876978536835,53.89650018728872,57.484022338322916,59.166475678749975,60.55107279802456,60.63102011492322,1.540070914673322,0.0,4.855240218734252,0.0,32,45,58.41548120336171,56.875410288688386,52.63157894736842,50.0,22,19,20.0
1,1,95,95,55,72,35,72,94.0,937.95,180,30,30,30,420,52.315876978536835,53.89650018728872,57.484022338322916,59.166475678749975,60.55107279802456,60.63102011492322,1.540070914673322,0.0,4.855240218734252,0.0,32,45,58.41548120336171,56.875410288688386,52.63157894736842,50.0,22,19,20.0
1,1,95,95,55,72,35,72,94.0,887.25,180,30,30,30,420,52.315876978536835,53.89650018728872,57.484022338322916,59.166475678749975,60.55107279802456,60.63102011492322,1.540070914673322,0.0,4.855240218734252,0.0,32,45,58.41548120336171,56.875410288688386,52.63157894736842,50.0,22,19,20.0
1,1,95,95,55,72,35,72,118.0,837.7,180,30,30,30,420,54.896365747022685,54.887530713886065,59.73248950251582,60.42715260652801,61.14198809052226,62.873497961691896,0.3930445459290013,36.152320587602844,0.0,0.0,32,36,59.312027014441924,58.91898246851292,61.111111111111114,50.0,22,18,20.0
1,1,95,95,55,72,35,72,118.0,937.95,180,30,30,30,420,54.896365747022685,54.887530713886065,59.73248950251582,60.42715260652801,61.14198809052226,62.873497961691896,0.3930445459290013,36.152320587602844,0.0,0.0,32,36,59.312027014441924,58.91898246851292,61.111111111111114,50.0,22,18,20.0
1,1,95,95,55,72,35,72,118.0,887.25,180,30,30,30,420,54.896365747022685,54.887530713886065,59.73248950251582,60.42715260652801,61.14198809052226,62.873497961691896,0.3930445459290013,36.152320587602844,0.0,0.0,32,36,59.312027014441924,58.91898246851292,61.111111111111114,50.0,22,18,20.0
1,1,95,95,55,72,35,72,92.0,837.7,180,30,30,30,420,52.80833055241163,51.36494569009716,57.77016915136255,56.882909461148756,59.57675171072992,60.602973624656954,1.6288508370381578,41.88333941810265,1.1706549658186418,15.70480798601136,27,30,57.54761958772707,55.91876875068891,57.89473684210526,38.46153846153846,26,19,20.0
1,1,95,95,55,72,35,72,92.0,937.95,180,30,30,30,420,52.80833055241163,51.36494569009716,57.77016915136255,56.882909461148756,59.57675171072992,60.602973624656954,1.6288508370381578,41.88333941810265,1.1706549658186418,15.70480798601136,27,30,57.54761958772707,55.91876875068891,57.89473684210526,38.46153846153846,26,19,20.0
1,1,95,95,55,72,35,72,92.0,887.25,180,30,30,30,420,52.80833055241163,51.36494569009716,57.77016915136255,56.882909461148756,59.57675171072992,60.602973624656954,1.6288508370381578,41.88333941810265,1.1706549658186418,15.70480798601136,27,30,57.54761958772707,55.91876875068891,57.89473684210526,38.46153846153846,26,19,20.0
0,0,95,95,55,72,35,72,123.0,19.7,180,30,30,30,420,49.29684946539862,54.56443701220377,53.63877805254441,59.672777954703975,55.80332833394027,60.64633022411749,5.3688403915897425,50.37725814388057,0.0,5.4384329844509125,21,38,59.18918476396868,53.82034437237894,47.61904761904762,38.095238095238095,21,21,20.0
0,0,95,95,55,72,35,72,123.0,4.59,180,30,30,30,420,49.29684946539862,54.56443701220377,53.63877805254441,59.672777954703975,55.80332833394027,60.64633022411749,5.3688403915897425,50.37725814388057,0.0,5.4384329844509125,21,38,59.18918476396868,53.82034437237894,47.61904761904762,38.095238095238095,21,21,20.0
0,0,95,95,55,72,35,72,123.0,4.8,180,30,30,30,420,49.29684946539862,54.56443701220377,53.63877805254441,59.672777954703975,55.80332833394027,60.64633022411749,5.3688403915897425,50.37725814388057,0.0,5.4384329844509125,21,38,59.18918476396868,53.82034437237894,47.61904761904762,38.095238095238095,21,21,20.0
0,0,95,95,55,72,35,72,184.0,4.8,180,30,30,30,420,57.35263293409719,50.61273634503203,63.46729126530926,55.38914315731995,66.6959465152529,57.60637990240588,7.430836659530485,48.16368579497839,0.0,6.887425978627562,34,42,62.16765410193864,54.73681744240815,56.52173913043478,52.63157894736842,23,19,20.0
0,0,95,95,55,72,35,72,184.0,4.59,180,30,30,30,420,57.35263293409719,50.61273634503203,63.46729126530926,55.38914315731995,66.6959465152529,57.60637990240588,7.430836659530485,48.16368579497839,0.0,6.887425978627562,34,42,62.16765410193864,54.73681744240815,56.52173913043478,52.63157894736842,23,19,20.0
0,0,95,95,55,72,35,72,184.0,19.7,180,30,30,30,420,57.35263293409719,50.61273634503203,63.46729126530926,55.38914315731995,66.6959465152529,57.60637990240588,7.430836659530485,48.16368579497839,0.0,6.887425978627562,34,42,62.16765410193864,54.73681744240815,56.52173913043478,52.63157894736842,23,19,20.0
1,1,95,95,55,72,35,72,152.0,3.06,180,30,30,30,420,58.26533472363661,58.43621168989392,63.73745717628469,63.9287131236033,67.28559027406288,66.85739977206669,0.19151023768813502,50.92718473558864,0.0,22.830554500546953,35,38,62.64591110859067,62.45440087090253,54.166666666666664,54.166666666666664,24,24,20.0
1,1,95,95,55,72,35,72,152.0,39.4,180,30,30,30,420,58.26533472363661,58.43621168989392,63.73745717628469,63.9287131236033,67.28559027406288,66.85739977206669,0.19151023768813502,50.92718473558864,0.0,22.830554500546953,35,38,62.64591110859067,62.45440087090253,54.166666666666664,54.166666666666664,24,24,20.0
1,1,95,95,55,72,35,72,152.0,3.2,180,30,30,30,420,58.26533472363661,58.43621168989392,63.73745717628469,63.9287131236033,67.28559027406288,66.85739977206669,0.19151023768813502,50.92718473558864,0.0,22.830554500546953,35,38,62.64591110859067,62.45440087090253,54.166666666666664,54.166666666666664,24,24,20.0
1,1,95,95,55,72,35,72,194.0,7.65,180,30,30,30,420,52.06380987352344,50.61273634503203,57.17766987760899,55.38914315731995,59.426579028898175,57.60637990240588,1.9053985101083413,0.0,0.0,0.0,33,42,56.642215952516494,54.73681744240815,52.63157894736842,50.0,20,19,20.0
0,0,95,95,55,72,35,72,194.0,98.5,180,30,30,30,420,52.06380987352344,50.61273634503203,57.17766987760899,55.38914315731995,59.426579028898175,57.60637990240588,1.9053985101083413,0.0,0.0,0.0,33,42,56.642215952516494,54.73681744240815,52.63157894736842,50.0,20,19,20.0
0,0,95,95,55,72,35,72,194.0,8.0,180,30,30,30,420,52.06380987352344,50.61273634503203,57.17766987760899,55.38914315731995,59.426579028898175,57.60637990240588,1.9053985101083413,0.0,0.0,0.0,33,42,56.642215952516494,54.73681744240815,52.63157894736842,50.0,20,19,20.0
0,0,95,95,55,72,35,72,438.0,98.5,180,30,30,30,420,56.68350218132508,50.61273634503203,62.03838759013803,55.38914315731995,63.56166284794921,57.60637990240588,5.826740740677224,56.25132402062542,0.0,14.416738183781717,36,42,60.56355818308538,54.73681744240815,63.1578947368421,52.63157894736842,19,19,20.0
1,1,95,95,55,72,35,72,438.0,8.0,180,30,30,30,420,56.68350218132508,50.61273634503203,62.03838759013803,55.38914315731995,63.56166284794921,57.60637990240588,5.826740740677224,56.25132402062542,0.0,14.416738183781717,36,42,60.56355818308538,54.73681744240815,63.1578947368421,52.63157894736842,19,19,20.0
1,1,95,95,55,72,35,72,438.0,7.65,180,30,30,30,420,56.68350218132508,50.61273634503203,62.03838759013803,55.38914315731995,63.56166284794921,57.60637990240588,5.826740740677224,56.25132402062542,0.0,14.416738183781717,36,42,60.56355818308538,54.73681744240815,63.1578947368421,52.63157894736842,19,19,20.0
1,1,95,95,55,72,35,72,152.0,3.06,180,30,30,30,420,58.26533472363661,58.43621168989392,63.73745717628469,63.9287131236033,67.28559027406288,66.85739977206669,0.19151023768813502,50.92718473558864,0.0,22.830554500546953,35,38,62.64591110859067,62.45440087090253,54.166666666666664,54.166666666666664,24,24,20.0
1,1,95,95,55,72,35,72,152.0,3.2,180,30,30,30,420,58.26533472363661,58.43621168989392,63.73745717628469,63.9287131236033,67.28559027406288,66.85739977206669,0.19151023768813502,50.92718473558864,0.0,22.830554500546953,35,38,62.64591110859067,62.45440087090253,54.166666666666664,54.166666666666664,24,24,20.0
1,1,95,95,55,72,35,72,152.0,39.4,180,30,30,30,420,58.26533472363661,58.43621168989392,63.73745717628469,63.9287131236033,67.28559027406288,66.85739977206669,0.19151023768813502,50.92718473558864,0.0,22.830554500546953,35,38,62.64591110859067,62.45440087090253,54.166666666666664,54.166666666666664,24,24,20.0
0,0,95,95,55,72,35,72,278.0,7.65,180,30,30,30,420,58.18069508763347,50.61273634503203,63.843177856271154,55.38914315731995,65.15020012398372,57.60637990240588,7.844987077945461,45.79889371242166,15.21623791968375,0.0,35,42,62.581804520353614,54.73681744240815,54.166666666666664,52.63157894736842,24,19,20.0
0,0,95,95,55,72,35,72,278.0,8.0,180,30,30,30,420,58.18069508763347,50.61273634503203,63.843177856271154,55.38914315731995,65.15020012398372,57.60637990240588,7.844987077945461,45.79889371242166,15.21623791968375,0.0,35,42,62.581804520353614,54.73681744240815,54.166666666666664,52.63157894736842,24,19,20.0
0,0,95,95,55,72,35,72,278.0,98.5,180,30,30,30,420,58.18069508763347,50.61273634503203,63.843177856271154,55.38914315731995,65.15020012398372,57.60637990240588,7.844987077945461,45.79889371242166,15.21623791968375,0.0,35,42,62.581804520353614,54.73681744240815,54.166666666666664,52.63157894736842,24,19,20.0
0,0,95,95,55,72,35,72,152.0,9.74,180,30,30,30,420,58.26533472363661,58.43621168989392,63.73745717628469,63.9287131236033,67.28559027406288,66.85739977206669,0.19151023768813502,50.92718473558864,0.0,22.830554500546953,35,38,62.64591110859067,62.45440087090253,54.166666666666664,54.166666666666664,24,24,20.0
0,0,95,95,55,72,35,72,152.0,2.22,180,30,30,30,420,58.26533472363661,58.43621168989392,63.73745717628469,63.9287131236033,67.28559027406288,66.85739977206669,0.19151023768813502,50.92718473558864,0.0,22.830554500546953,35,38,62.64591110859067,62.45440087090253,54.166666666666664,54.166666666666664,24,24,20.0
1,1,95,95,55,72,35,72,152.0,57.8,180,30,30,30,420,58.26533472363661,58.43621168989392,63.73745717628469,63.9287131236033,67.28559027406288,66.85739977206669,0.19151023768813502,50.92718473558864,0.0,22.830554500546953,35,38,62.64591110859067,62.45440087090253,54.166666666666664,54.166666666666664,24,24,20.0
0,0,95,95,55,72,35,72,152.0,2.24,180,30,30,30,420,58.26533472363661,58.43621168989392,63.73745717628469,63.9287131236033,67.28559027406288,66.85739977206669,0.19151023768813502,50.92718473558864,0.0,22.830554500546953,35,38,62.64591110859067,62.45440087090253,54.166666666666664,54.166666666666664,24,24,20.0
1,1,95,95,55,72,35,72,152.0,50.4,180,30,30,30,420,58.26533472363661,58.43621168989392,63.73745717628469,63.9287131236033,67.28559027406288,66.85739977206669,0.19151023768813502,50.92718473558864,0.0,22.830554500546953,35,38,62.64591110859067,62.45440087090253,54.166666666666664,54.166666666666664,24,24,20.0
1,1,95,95,55,72,35,72,194.0,11.2,180,30,30,30,420,52.06380987352344,50.61273634503203,57.17766987760899,55.38914315731995,59.426579028898175,57.60637990240588,1.9053985101083413,0.0,0.0,0.0,33,42,56.642215952516494,54.73681744240815,52.63157894736842,50.0,20,19,20.0
1,1,95,95,55,72,35,72,194.0,252.0,180,30,30,30,420,52.06380987352344,50.61273634503203,57.17766987760899,55.38914315731995,59.426579028898175,57.60637990240588,1.9053985101083413,0.0,0.0,0.0,33,42,56.642215952516494,54.73681744240815,52.63157894736842,50.0,20,19,20.0
1,1,95,95,55,72,35,72,194.0,48.7,180,30,30,30,420,52.06380987352344,50.61273634503203,57.17766987760899,55.38914315731995,59.426579028898175,57.60637990240588,1.9053985101083413,0.0,0.0,0.0,33,42,56.642215952516494,54.73681744240815,52.63157894736842,50.0,20,19,20.0
1,1,95,95,55,72,35,72,194.0,289.0,180,30,30,30,420,52.06380987352344,50.61273634503203,57.17766987760899,55.38914315731995,59.426579028898175,57.60637990240588,1.9053985101083413,0.0,0.0,0.0,33,42,56.642215952516494,54.73681744240815,52.63157894736842,50.0,20,19,20.0
0,0,95,95,55,72,35,72,298.0,6.72,180,30,30,30,420,59.14599607058642,50.61273634503203,65.066415767504,55.38914315731995,68.71070114841211,57.60637990240588,8.635963533828203,60.377160183382614,2.1836763169092706,0.0,34,42,63.372780976236356,54.73681744240815,60.869565217391305,52.63157894736842,23,19,20.0
1,1,95,95,55,72,35,72,298.0,151.2,180,30,30,30,420,59.14599607058642,50.61273634503203,65.066415767504,55.38914315731995,68.71070114841211,57.60637990240588,8.635963533828203,60.377160183382614,2.1836763169092706,0.0,34,42,63.372780976236356,54.73681744240815,60.869565217391305,52.63157894736842,23,19,20.0
0,0,95,95,55,72,35,72,298.0,29.22,180,30,30,30,420,59.14599607058642,50.61273634503203,65.066415767504,55.38914315731995,68.71070114841211,57.60637990240588,8.635963533828203,60.377160183382614,2.1836763169092706,0.0,34,42,63.372780976236356,54.73681744240815,60.869565217391305,52.63157894736842,23,19,20.0
0,0,95,95,55,72,35,72,298.0,6.66,180,30,30,30,420,59.14599607058642,50.61273634503203,65.066415767504,55.38914315731995,68.71070114841211,57.60637990240588,8.635963533828203,60.377160183382614,2.1836763169092706,0.0,34,42,63.372780976236356,54.73681744240815,60.869565217391305,52.63157894736842,23,19,20.0
1,1,95,95,55,72,35,72,298.0,173.4,180,30,30,30,420,59.14599607058642,50.61273634503203,65.066415767504,55.38914315731995,68.71070114841211,57.60637990240588,8.635963533828203,60.377160183382614,2.1836763169092706,0.0,34,42,63.372780976236356,54.73681744240815,60.869565217391305,52.63157894736842,23,19,20.0
1,1,95,95,55,72,35,72,188.0,173.4,180,30,30,30,420,56.14828751605444,50.61273634503203,61.55894029625614,55.38914315731995,65.58075352855121,57.60637990240588,5.960418312645743,58.90359002707356,0.0,7.984100319923016,27,42,60.697235755053896,54.73681744240815,52.63157894736842,48.0,25,19,20.0
1,1,95,95,55,72,35,72,188.0,6.66,180,30,30,30,420,56.14828751605444,50.61273634503203,61.55894029625614,55.38914315731995,65.58075352855121,57.60637990240588,5.960418312645743,58.90359002707356,0.0,7.984100319923016,27,42,60.697235755053896,54.73681744240815,52.63157894736842,48.0,25,19,20.0
1,1,95,95,55,72,35,72,188.0,29.22,180,30,30,30,420,56.14828751605444,50.61273634503203,61.55894029625614,55.38914315731995,65.58075352855121,57.60637990240588,5.960418312645743,58.90359002707356,0.0,7.984100319923016,27,42,60.697235755053896,54.73681744240815,52.63157894736842,48.0,25,19,20.0
1,1,95,95,55,72,35,72,188.0,6.72,180,30,30,30,420,56.14828751605444,50.61273634503203,61.55894029625614,55.38914315731995,65.58075352855121,57.60637990240588,5.960418312645743,58.90359002707356,0.0,7.984100319923016,27,42,60.697235755053896,54.73681744240815,52.63157894736842,48.0,25,19,20.0
1,1,95,95,55,72,35,72,188.0,151.2,180,30,30,30,420,56.14828751605444,50.61273634503203,61.55894029625614,55.38914315731995,65.58075352855121,57.60637990240588,5.960418312645743,58.90359002707356,0.0,7.984100319923016,27,42,60.697235755053896,54.73681744240815,52.63157894736842,48.0,25,19,20.0
1,1,98,98,65,72,25,72,6000.0,2.5,30,10,20,360,600,54.15638797828251,54.217500960593156,54.912530523519536,55.239733584878365,57.834117237398914,57.8939553466883,0.5210887460679601,38.895843769699525,0.0,15.481424346848712,37,44,54.24590516250316,53.7248164164352,64.70588235294117,57.89473684210526,19,17,1.0
1,1,98,98,65,72,25,72,6000.0,2.5,30,10,20,360,600,57.86170169053349,59.134557204888665,58.70980353208148,61.17322044030533,60.78525599723315,64.04843537025283,2.8374977060031483,55.106691692772074,0.0,27.217161241875374,37,39,59.83378475902265,56.9962870530195,70.58823529411765,56.52173913043478,23,17,1.0
1,1,98,98,61,72,25,72,9000.0,2.5,30,10,20,540,600,47.23384094064073,50.03536045535134,47.76532279193111,51.73958589985244,51.30744820463434,54.81930405095591,4.566128775139248,0.0,0.0,0.0,27,30,52.11230261804093,47.54617384290168,50.0,26.666666666666668,30,18,1.0
0,0,95,95,56,72,35,72,336.0,2255.6,60,30,30,30,420,54.28793346112144,50.61273634503203,60.38837487067207,55.38914315731995,64.67114813618957,57.60637990240588,3.8467302921387727,41.14483088709545,0.0,0.0,41,42,58.583547734546926,54.73681744240815,75.0,52.63157894736842,19,16,20.0
1,1,95,95,55,72,35,72,112.0,2255.6,60,30,30,30,420,56.47483378926006,67.68721617380709,61.9019626629327,73.84621101627482,63.553643666805556,76.43587308655361,10.94997582979488,40.16325182434076,0.0,9.532667476457505,33,45,71.83521930732377,60.88524347752889,52.5,48.148148148148145,40,27,20.0
1,1,95,95,55,72,35,72,298.0,2255.6,60,30,30,30,420,59.14599607058642,70.48482759143968,65.066415767504,77.00131708437016,68.71070114841211,80.24050916000351,11.027891326948179,60.377160183382614,5.797879237610232,6.807019118543053,34,45,74.40067230318454,63.372780976236356,61.111111111111114,60.869565217391305,36,23,20.0
1,1,95,95,55,72,35,72,188.0,2255.6,60,30,30,30,420,56.14828751605444,67.35662571978855,61.55894029625614,73.46207371449754,65.58075352855121,75.76792363321533,10.972938900045904,58.90359002707356,0.0,7.984100319923016,22,27,71.6701746550998,60.697235755053896,48.0,47.82608695652174,46,25,20.0
1,1,95,95,55,72,35,72,267.0,2255.6,60,30,30,30,420,54.03483509661908,70.92526652262256,59.793240555719024,77.5015420684922,62.893295017218236,80.88777295425774,16.69557630389704,36.587763629919266,0.0,6.463757351300728,40,44,74.96898655894711,58.27341025505007,66.66666666666667,58.97435897435897,39,18,20.0
0,0,95,95,55,72,35,72,371.0,2255.6,60,30,30,30,420,55.38847268513376,68.6679478109541,60.59968821747009,75.3560785898336,61.510950573505,78.96194756966668,13.468156937446622,38.5295551748074,4.18556349446385,0.0,32,39,73.11910690920314,59.65094997175652,55.0,54.76190476190476,42,20,20.0
1,1,95,95,60,72,20,72,3300.0,50.0,300,30,30,120,300,68.83616118086798,79.13709091522361,73.65861040029478,84.69352267569116,76.34996210359913,86.31965045804594,9.138695346106886,54.859161548615816,12.776436298167823,47.379965750929045,36,38,81.1229900058022,71.98429465969531,65.0,43.333333333333336,60,60,1.0
1,1,95,95,58,72,20,72,1650.0,50.0,300,30,30,70,300,68.83616118086798,64.21295215608933,73.306700975811,66.83853033170237,75.99100718207518,68.98278169679395,6.495331318782519,42.09997008978996,0.0,23.784017823990666,34,36,71.63580824968176,65.14047693089924,53.125,43.333333333333336,60,32,0.5
1,1,95,95,58,72,20,72,1650.0,50.0,300,30,30,70,300,68.83616118086798,67.87698420155687,73.306700975811,71.1898066347922,75.99100718207518,73.9799469733527,2.6113960493747186,58.608570922719935,8.487123311312132,23.784017823990666,34,36,71.63580824968176,69.02441220030704,57.142857142857146,43.333333333333336,60,35,0.5
1,1,95,95,58,72,20,72,1650.0,50.0,300,30,30,70,300,68.83616118086798,63.0445244051665,73.306700975811,65.72761360900807,75.99100718207518,67.11125212550297,6.790793921833767,61.444635937439045,0.0,23.57833084084939,32,36,71.63580824968176,64.84501432784799,43.333333333333336,37.2093023255814,60,43,0.5
1,1,95,95,58,72,20,72,1650.0,50.0,300,30,30,70,300,68.83616118086798,64.69050274200447,73.306700975811,67.13467490052045,75.99100718207518,68.92203507020406,6.473435294086585,42.09997008978996,0.0,23.57833084084939,36,36,71.63580824968176,65.16237295559517,58.62068965517241,43.333333333333336,60,29,0.5
1,1,95,95,58,72,20,72,1650.0,50.0,300,30,30,70,300,66.77103278799956,79.13709091522361,69.99121449291334,84.35042975804572,72.88892104600734,85.97286147438456,12.384396897604006,66.41636536795681,0.0,46.03016064386583,38,41,80.7867402307196,68.4023433331156,65.0,47.5,60,40,0.5
1,1,95,95,58,72,20,72,1650.0,50.0,300,30,30,70,300,64.66012035130632,79.13709091522361,67.44605902614666,84.35042975804572,69.27634345460507,85.97286147438456,14.497399954842592,54.859161548615816,3.100427700308785,46.03016064386583,38,39,80.7867402307196,66.28934027587701,65.0,41.46341463414634,60,41,0.5
1,1,95,95,58,72,20,72,1650.0,50.0,300,30,30,70,300,62.878229059303806,79.13709091522361,65.0371708786177,84.35042975804572,67.13756675067566,85.97286147438456,16.92421963730851,54.859161548615816,0.0,46.03016064386583,34,38,80.7867402307196,63.86252059341109,65.0,45.45454545454545,60,33,0.5
1,1,95,95,58,72,20,72,1650.0,50.0,300,30,30,70,300,63.44668933372577,79.13709091522361,66.22968112657935,84.35042975804572,68.45160165028625,85.97286147438456,15.907954145625183,54.859161548615816,8.08150905812596,46.03016064386583,29,38,80.7867402307196,64.87878608509442,65.0,45.945945945945944,60,37,0.5
1,1,95,95,58,72,20,72,1650.0,80.0,300,30,30,70,300,63.893001242767525,79.13709091522361,66.6377247637381,84.35042975804572,68.41316398591692,85.97286147438456,14.995862193025914,54.859161548615816,0.0,46.03016064386583,38,39,80.7867402307196,65.79087803769369,65.0,36.36363636363637,60,44,0.5
1,1,95,95,58,72,20,72,1650.0,80.0,300,30,30,70,300,68.83616118086798,63.84100998475333,73.306700975811,66.2975320217634,75.99100718207518,68.44065175337829,6.733694162245229,42.09997008978996,0.0,23.57833084084939,36,39,71.63580824968176,64.90211408743653,48.484848484848484,43.333333333333336,60,33,0.5
1,1,98,98,68,72,25,72,1300.0,2.5,60,10,20,80,300,56.68887238161591,57.67627927402066,58.471965614683825,59.88009251053643,60.82794003485526,61.654761973026496,1.8786430878237752,54.54155524379297,0.0,11.59625215180779,30,30,59.2797682062718,57.40112511844802,54.54545454545455,40.0,30,22,1.0
1,1,95,95,56,72,36,72,417.0,1000.0,120,30,30,30,420,50.61273634503203,56.57504615911978,50.84986813564012,58.530792154663004,52.98829912957149,61.10662028203353,7.640152042883415,0.0,0.0,0.0,31,42,57.85602708092972,50.215875038046306,52.63157894736842,42.857142857142854,28,19,0.8
1,1,95,95,56,72,36,72,399.0,1000.0,120,30,30,30,420,50.61273634503203,57.37994767525669,50.84986813564012,59.02783483255541,52.98829912957149,61.57057523383679,7.399410321524272,62.77703683600612,0.0,0.0,31,42,57.61528535957058,50.215875038046306,59.09090909090909,52.63157894736842,22,19,0.8
0,0,95,95,55,72,35,72,336.0,1200.0,60,30,30,30,420,55.1555932056184,66.58851690648578,61.202433608749345,72.77374508346531,65.16596230093046,75.26780105833001,11.21183906706915,36.88146280465003,8.288823883481541,8.868486761075587,31,37,70.92177374586714,59.70993467879799,66.66666666666667,50.0,42,18,20.0
0,0,95,95,55,72,35,72,371.0,1200.0,60,30,30,30,420,51.20795574719574,69.79245837979829,56.05434771219251,76.12541884811304,56.94865558714889,78.08379185479407,18.311559422430378,44.54704309951387,0.0,27.53005473131111,32,39,73.71891198127065,55.40735255884027,57.89473684210526,52.63157894736842,38,19,20.0
0,0,95,95,55,72,35,72,188.0,1200.0,60,30,30,30,420,56.14828751605444,67.35662571978855,61.55894029625614,73.46207371449754,65.58075352855121,75.76792363321533,10.972938900045904,58.90359002707356,0.0,7.984100319923016,22,27,71.6701746550998,60.697235755053896,48.0,47.82608695652174,46,25,20.0
1,1,95,95,55,72,35,72,112.0,1200.0,60,30,30,30,420,56.47483378926006,67.73298638309859,61.9019626629327,73.95940637458779,63.553643666805556,76.58806908087934,10.98875487182437,40.16325182434076,0.0,9.532667476457505,33,45,71.87399834935326,60.88524347752889,53.84615384615385,48.148148148148145,39,27,20.0
0,0,95,95,55,72,35,72,298.0,1200.0,60,30,30,30,420,59.14599607058642,70.48482759143968,65.066415767504,77.00131708437016,68.71070114841211,80.24050916000351,11.027891326948179,60.377160183382614,5.797879237610232,6.807019118543053,34,45,74.40067230318454,63.372780976236356,61.111111111111114,60.869565217391305,36,23,20.0
1,0,95,95,55,72,35,72,184.0,1200.0,60,30,30,30,420,57.35263293409719,68.36205004110252,63.46729126530926,74.55056577273712,66.6959465152529,77.04555834232184,10.316738173231045,53.79977500398718,0.0,16.032730346218216,34,38,72.48439227516968,62.16765410193864,56.52173913043478,52.38095238095238,42,23,20.0
0,0,95,95,55,72,35,72,188.0,1200.0,60,30,30,30,420,56.14828751605444,67.35662571978855,61.55894029625614,73.46207371449754,65.58075352855121,75.76792363321533,10.972938900045904,58.90359002707356,0.0,7.984100319923016,22,27,71.6701746550998,60.697235755053896,48.0,47.82608695652174,46,25,20.0
1,1,95,95,56,72,35,72,188.0,1200.0,60,30,30,30,420,56.14828751605444,67.35662571978855,61.55894029625614,73.46207371449754,65.58075352855121,75.76792363321533,10.972938900045904,58.90359002707356,0.0,7.984100319923016,22,27,71.6701746550998,60.697235755053896,48.0,47.82608695652174,46,25,20.0
0,0,95,95,56,72,35,72,557.0,1200.0,60,30,30,30,420,51.19581996499386,67.35662571978855,55.238906939375056,73.46207371449754,56.5082286866259,75.76792363321533,15.594197458158078,40.074920526692665,0.0,0.0,21,22,71.6701746550998,56.07597719694172,47.82608695652174,20.0,46,30,20.0
0,0,95,95,56,72,35,72,359.0,1200.0,60,30,30,30,420,49.0610316931722,67.35662571978855,53.45308569686267,73.46207371449754,55.41887823945535,75.76792363321533,17.973044353439718,40.074920526692665,0.0,0.0,22,30,71.6701746550998,53.69713030166008,47.82608695652174,34.78260869565217,46,23,20.0
0,0,95,95,55,72,35,72,227.0,1200.0,60,30,30,30,420,56.87758760674319,69.13932404825403,62.61433995634849,75.69640530224365,65.1582081660847,78.47590789100587,12.244248227165144,45.27745013477772,4.7562122772011435,18.449420854059667,31,32,73.52161367244639,61.27736544528125,56.52173913043478,53.48837209302326,43,23,20.0
0,0,95,95,55,72,35,72,218.0,1200.0,60,30,30,30,420,57.1122215457969,67.40577146521179,62.575189130299236,73.21739959073983,64.96418650074912,75.99627573516807,10.276204072095254,0.0,0.0,0.0,30,32,71.58055180128889,61.30434772919364,54.166666666666664,44.89795918367347,49,24,20.0
1,1,95,95,55,72,35,72,370.0,1200.0,60,30,30,30,420,56.47483378926006,69.85137904295993,61.9019626629327,76.29183378946135,63.553643666805556,79.12269655895562,13.139155514825234,52.39635166327554,0.0,13.58054428999344,33,41,74.02439899235412,60.88524347752889,54.76190476190476,48.148148148148145,42,27,20.0
0,0,95,95,55,72,35,72,277.0,1000.0,60,30,30,30,420,56.87758760674319,65.01503090102045,62.61433995634849,70.897890116403,65.1582081660847,73.38605088641737,8.204759732322827,44.75889348357288,0.0,0.0,31,32,69.48212517760408,61.27736544528125,56.52173913043478,44.18604651162791,43,23,20.0
0,0,95,95,60,72,35,72,277.0,1200.0,60,30,30,30,420,56.87758760674319,65.01503090102045,62.61433995634849,70.897890116403,65.1582081660847,73.38605088641737,8.204759732322827,44.75889348357288,0.0,0.0,31,32,69.48212517760408,61.27736544528125,56.52173913043478,44.18604651162791,43,23,20.0
0,0,95,95,60,72,35,72,218.0,1200.0,60,30,30,30,420,57.1122215457969,66.90205350749443,62.575189130299236,72.62521119493692,64.96418650074912,75.28969815988262,9.786957240123854,0.0,0.0,0.0,30,32,71.09130496931749,61.30434772919364,54.166666666666664,43.13725490196079,51,24,20.0
1,0,95,95,60,72,35,72,370.0,1200.0,60,30,30,30,420,56.47483378926006,69.85137904295993,61.9019626629327,76.29183378946135,63.553643666805556,79.12269655895562,13.139155514825234,52.39635166327554,0.0,13.58054428999344,33,41,74.02439899235412,60.88524347752889,54.76190476190476,48.148148148148145,42,27,20.0
0,0,95,95,55,72,35,72,370.0,1000.0,60,30,30,30,420,56.47483378926006,69.85137904295993,61.9019626629327,76.29183378946135,63.553643666805556,79.12269655895562,13.139155514825234,52.39635166327554,0.0,13.58054428999344,33,41,74.02439899235412,60.88524347752889,54.76190476190476,48.148148148148145,42,27,20.0
0,0,95,95,55,72,35,72,298.0,1000.0,60,30,30,30,420,59.14599607058642,70.48482759143968,65.066415767504,77.00131708437016,68.71070114841211,80.24050916000351,11.027891326948179,60.377160183382614,5.797879237610232,6.807019118543053,34,45,74.40067230318454,63.372780976236356,61.111111111111114,60.869565217391305,36,23,20.0
0,0,95,95,55,72,35,72,370.0,1000.0,60,30,30,30,420,56.47483378926006,69.85137904295993,61.9019626629327,76.29183378946135,63.553643666805556,79.12269655895562,13.139155514825234,52.39635166327554,0.0,13.58054428999344,33,41,74.02439899235412,60.88524347752889,54.76190476190476,48.148148148148145,42,27,20.0
0,0,95,95,55,72,35,72,515.0,1000.0,60,30,30,30,420,68.42173048742393,57.125456584348285,74.67543441810523,62.252713338536694,77.20484615702526,64.46247942456728,10.66618289393358,53.79977500398718,0.0,16.032730346218216,30,38,72.53679807203434,61.87061517810076,53.65853658536585,34.285714285714285,41,35,20.0
0,0,95,95,55,72,35,72,218.0,1000.0,60,30,30,30,420,57.1122215457969,67.40577146521179,62.575189130299236,73.21739959073983,64.96418650074912,75.99627573516807,10.276204072095254,0.0,0.0,0.0,30,32,71.58055180128889,61.30434772919364,54.166666666666664,44.89795918367347,49,24,20.0
1,1,95,95,55,72,35,72,188.0,1000.0,60,30,30,30,420,56.14828751605444,67.35662571978855,61.55894029625614,73.46207371449754,65.58075352855121,75.76792363321533,10.972938900045904,58.90359002707356,0.0,7.984100319923016,22,27,71.6701746550998,60.697235755053896,48.0,47.82608695652174,46,25,20.0
1,0,95,95,60,72,36,72,502.0,1000.0,60,30,30,30,420,57.443467899580924,69.07500411800856,62.7949904499489,75.21717393110782,64.44755204019316,77.40855008065853,11.239518140487917,47.472705974248925,0.0,14.014200645910876,28,33,73.13854250803263,61.89902436754471,52.38095238095238,44.827586206896555,42,29,20.0
1,1,95,95,60,72,36,72,417.0,1000.0,60,30,30,30,420,56.57504615911978,70.24290261855316,61.805659478348105,76.53425589063278,64.45114631045226,79.61692033471166,13.000867899620005,53.114658994983984,0.0,31.25960409617113,31,31,74.11805420675802,61.11718630713801,57.89473684210526,42.857142857142854,38,28,20.0
1,0,95,95,60,72,36,72,427.0,1000.0,60,30,30,30,420,59.159545652515135,68.57221631562459,64.5964020183801,74.64642956042763,66.78313510198058,76.48891078735676,9.015925137046622,61.99158289972138,0.4577633048290295,36.75508442878436,34,41,72.64299484462134,63.62706970757472,51.16279069767442,46.42857142857143,43,28,20.0
1,0,95,95,60,72,36,72,457.0,1000.0,60,30,30,30,420,54.40990261837493,67.43455607369935,59.41887413381863,73.3700509712665,60.780010070196965,75.89838745532717,12.961963217964183,45.32199239377155,11.63012372883668,32.053479049591374,30,31,71.73833725935617,58.77637404139199,45.833333333333336,44.89795918367347,49,24,20.0
